MAEPRQEFEVM,1,11
MEDHAGTYGLG,11,21
GDRKDQGGYTM,21,31
GDRK[N6-acK]DQGGYTM,21,31
GDRKDQGGY[pSer]TM,21,31
GDRKDQGGYT[pSer]M,21,31
GDRK[N6-acK]DQGGY[pSer]TM,21,31
GDRK[N6-acK]DQGGYT[pSer]M,21,31
GDRKDQGGY[pSer]T[pSer]M,21,31
GDRK[N6-acK]DQGGY[pSer]T[pSer]M,21,31
MHQDQEGDTDA,31,41
MHQDQEGDT[pSer]DA,31,41
AGLKESPLQTP,41,51
AGLK[N6-acK]ESPLQTP,41,51
AGLKES[pSer]PLQTP,41,51
AGLK[N6-acK]ES[pSer]PLQTP,41,51
PTEDGSEEPGS,51,61
PTEDGS[pSer]EEPGS,51,61
PTEDGSEEPGS[pSer],51,61
PTEDGS[pSer]EEPGS[pSer],51,61
SETSDAKSTPT,61,71
S[pSer]ETSDAKSTPT,61,71
SETS[pSer]DAKSTPT,61,71
SETSDAK[pSer]STPT,61,71
SETSDAK[N6-acK]STPT,61,71
SETSDAKS[pSer]TPT,61,71
SETSDAKST[pThr]PT,61,71
SETSDAKSTPT[pThr],61,71
S[pSer]ETS[pSer]DAKSTPT,61,71
S[pSer]ETSDAK[pSer]STPT,61,71
S[pSer]ETSDAK[N6-acK]STPT,61,71
S[pSer]ETSDAKS[pSer]TPT,61,71
S[pSer]ETSDAKST[pThr]PT,61,71
S[pSer]ETSDAKSTPT[pThr],61,71
SETS[pSer]DAK[pSer]STPT,61,71
SETS[pSer]DAK[N6-acK]STPT,61,71
SETS[pSer]DAKS[pSer]TPT,61,71
SETS[pSer]DAKST[pThr]PT,61,71
SETS[pSer]DAKSTPT[pThr],61,71
SETSDAK[pSer][N6-acK]STPT,61,71
SETSDAK[pSer]S[pSer]TPT,61,71
SETSDAK[pSer]ST[pThr]PT,61,71
SETSDAK[pSer]STPT[pThr],61,71
SETSDAK[N6-acK]S[pSer]TPT,61,71
SETSDAK[N6-acK]ST[pThr]PT,61,71
SETSDAK[N6-acK]STPT[pThr],61,71
SETSDAKS[pSer]T[pThr]PT,61,71
SETSDAKS[pSer]TPT[pThr],61,71
SETSDAKST[pThr]PT[pThr],61,71
S[pSer]ETS[pSer]DAK[pSer]STPT,61,71
S[pSer]ETS[pSer]DAK[N6-acK]STPT,61,71
S[pSer]ETS[pSer]DAKS[pSer]TPT,61,71
S[pSer]ETS[pSer]DAKST[pThr]PT,61,71
S[pSer]ETS[pSer]DAKSTPT[pThr],61,71
S[pSer]ETSDAK[pSer][N6-acK]STPT,61,71
S[pSer]ETSDAK[pSer]S[pSer]TPT,61,71
S[pSer]ETSDAK[pSer]ST[pThr]PT,61,71
S[pSer]ETSDAK[pSer]STPT[pThr],61,71
S[pSer]ETSDAK[N6-acK]S[pSer]TPT,61,71
S[pSer]ETSDAK[N6-acK]ST[pThr]PT,61,71
S[pSer]ETSDAK[N6-acK]STPT[pThr],61,71
S[pSer]ETSDAKS[pSer]T[pThr]PT,61,71
S[pSer]ETSDAKS[pSer]TPT[pThr],61,71
S[pSer]ETSDAKST[pThr]PT[pThr],61,71
SETS[pSer]DAK[pSer][N6-acK]STPT,61,71
SETS[pSer]DAK[pSer]S[pSer]TPT,61,71
SETS[pSer]DAK[pSer]ST[pThr]PT,61,71
SETS[pSer]DAK[pSer]STPT[pThr],61,71
SETS[pSer]DAK[N6-acK]S[pSer]TPT,61,71
SETS[pSer]DAK[N6-acK]ST[pThr]PT,61,71
SETS[pSer]DAK[N6-acK]STPT[pThr],61,71
SETS[pSer]DAKS[pSer]T[pThr]PT,61,71
SETS[pSer]DAKS[pSer]TPT[pThr],61,71
SETS[pSer]DAKST[pThr]PT[pThr],61,71
SETSDAK[pSer][N6-acK]S[pSer]TPT,61,71
SETSDAK[pSer][N6-acK]ST[pThr]PT,61,71
SETSDAK[pSer][N6-acK]STPT[pThr],61,71
SETSDAK[pSer]S[pSer]T[pThr]PT,61,71
SETSDAK[pSer]S[pSer]TPT[pThr],61,71
SETSDAK[pSer]ST[pThr]PT[pThr],61,71
SETSDAK[N6-acK]S[pSer]T[pThr]PT,61,71
SETSDAK[N6-acK]S[pSer]TPT[pThr],61,71
SETSDAK[N6-acK]ST[pThr]PT[pThr],61,71
SETSDAKS[pSer]T[pThr]PT[pThr],61,71
S[pSer]ETS[pSer]DAK[pSer][N6-acK]STPT,61,71
S[pSer]ETS[pSer]DAK[pSer]S[pSer]TPT,61,71
S[pSer]ETS[pSer]DAK[pSer]ST[pThr]PT,61,71
S[pSer]ETS[pSer]DAK[pSer]STPT[pThr],61,71
S[pSer]ETS[pSer]DAK[N6-acK]S[pSer]TPT,61,71
S[pSer]ETS[pSer]DAK[N6-acK]ST[pThr]PT,61,71
S[pSer]ETS[pSer]DAK[N6-acK]STPT[pThr],61,71
S[pSer]ETS[pSer]DAKS[pSer]T[pThr]PT,61,71
S[pSer]ETS[pSer]DAKS[pSer]TPT[pThr],61,71
S[pSer]ETS[pSer]DAKST[pThr]PT[pThr],61,71
S[pSer]ETSDAK[pSer][N6-acK]S[pSer]TPT,61,71
S[pSer]ETSDAK[pSer][N6-acK]ST[pThr]PT,61,71
S[pSer]ETSDAK[pSer][N6-acK]STPT[pThr],61,71
S[pSer]ETSDAK[pSer]S[pSer]T[pThr]PT,61,71
S[pSer]ETSDAK[pSer]S[pSer]TPT[pThr],61,71
S[pSer]ETSDAK[pSer]ST[pThr]PT[pThr],61,71
S[pSer]ETSDAK[N6-acK]S[pSer]T[pThr]PT,61,71
S[pSer]ETSDAK[N6-acK]S[pSer]TPT[pThr],61,71
S[pSer]ETSDAK[N6-acK]ST[pThr]PT[pThr],61,71
S[pSer]ETSDAKS[pSer]T[pThr]PT[pThr],61,71
SETS[pSer]DAK[pSer][N6-acK]S[pSer]TPT,61,71
SETS[pSer]DAK[pSer][N6-acK]ST[pThr]PT,61,71
SETS[pSer]DAK[pSer][N6-acK]STPT[pThr],61,71
SETS[pSer]DAK[pSer]S[pSer]T[pThr]PT,61,71
SETS[pSer]DAK[pSer]S[pSer]TPT[pThr],61,71
SETS[pSer]DAK[pSer]ST[pThr]PT[pThr],61,71
SETS[pSer]DAK[N6-acK]S[pSer]T[pThr]PT,61,71
SETS[pSer]DAK[N6-acK]S[pSer]TPT[pThr],61,71
SETS[pSer]DAK[N6-acK]ST[pThr]PT[pThr],61,71
SETS[pSer]DAKS[pSer]T[pThr]PT[pThr],61,71
SETSDAK[pSer][N6-acK]S[pSer]T[pThr]PT,61,71
SETSDAK[pSer][N6-acK]S[pSer]TPT[pThr],61,71
SETSDAK[pSer][N6-acK]ST[pThr]PT[pThr],61,71
SETSDAK[pSer]S[pSer]T[pThr]PT[pThr],61,71
SETSDAK[N6-acK]S[pSer]T[pThr]PT[pThr],61,71
S[pSer]ETS[pSer]DAK[pSer][N6-acK]S[pSer]TPT,61,71
S[pSer]ETS[pSer]DAK[pSer][N6-acK]ST[pThr]PT,61,71
S[pSer]ETS[pSer]DAK[pSer][N6-acK]STPT[pThr],61,71
S[pSer]ETS[pSer]DAK[pSer]S[pSer]T[pThr]PT,61,71
S[pSer]ETS[pSer]DAK[pSer]S[pSer]TPT[pThr],61,71
S[pSer]ETS[pSer]DAK[pSer]ST[pThr]PT[pThr],61,71
S[pSer]ETS[pSer]DAK[N6-acK]S[pSer]T[pThr]PT,61,71
S[pSer]ETS[pSer]DAK[N6-acK]S[pSer]TPT[pThr],61,71
S[pSer]ETS[pSer]DAK[N6-acK]ST[pThr]PT[pThr],61,71
S[pSer]ETS[pSer]DAKS[pSer]T[pThr]PT[pThr],61,71
S[pSer]ETSDAK[pSer][N6-acK]S[pSer]T[pThr]PT,61,71
S[pSer]ETSDAK[pSer][N6-acK]S[pSer]TPT[pThr],61,71
S[pSer]ETSDAK[pSer][N6-acK]ST[pThr]PT[pThr],61,71
S[pSer]ETSDAK[pSer]S[pSer]T[pThr]PT[pThr],61,71
S[pSer]ETSDAK[N6-acK]S[pSer]T[pThr]PT[pThr],61,71
SETS[pSer]DAK[pSer][N6-acK]S[pSer]T[pThr]PT,61,71
SETS[pSer]DAK[pSer][N6-acK]S[pSer]TPT[pThr],61,71
SETS[pSer]DAK[pSer][N6-acK]ST[pThr]PT[pThr],61,71
SETS[pSer]DAK[pSer]S[pSer]T[pThr]PT[pThr],61,71
SETS[pSer]DAK[N6-acK]S[pSer]T[pThr]PT[pThr],61,71
SETSDAK[pSer][N6-acK]S[pSer]T[pThr]PT[pThr],61,71
S[pSer]ETS[pSer]DAK[pSer][N6-acK]S[pSer]T[pThr]PT,61,71
S[pSer]ETS[pSer]DAK[pSer][N6-acK]S[pSer]TPT[pThr],61,71
S[pSer]ETS[pSer]DAK[pSer][N6-acK]ST[pThr]PT[pThr],61,71
S[pSer]ETS[pSer]DAK[pSer]S[pSer]T[pThr]PT[pThr],61,71
S[pSer]ETS[pSer]DAK[N6-acK]S[pSer]T[pThr]PT[pThr],61,71
S[pSer]ETSDAK[pSer][N6-acK]S[pSer]T[pThr]PT[pThr],61,71
SETS[pSer]DAK[pSer][N6-acK]S[pSer]T[pThr]PT[pThr],61,71
S[pSer]ETS[pSer]DAK[pSer][N6-acK]S[pSer]T[pThr]PT[pThr],61,71
TAEDVTAPLVD,71,81
T[pThr]AEDVTAPLVD,71,81
DEGAPGKQAAA,81,91
DEGAPGK[Gly]QAAA,81,91
DEGAPGK[N6-acK]QAAA,81,91
DEGAPGK[Gly][N6-acK]QAAA,81,91
AQPHTEIPEGT,91,101
TTAEEAGIGDT,101,111
TTAEEAGIGDT[pSer],101,111
TTAEEAGIGDT[pThr],101,111
TTAEEAGIGDT[pSer][pThr],101,111
TPSLEDEAAGH,111,121
T[pSer]PSLEDEAAGH,111,121
T[pThr]PSLEDEAAGH,111,121
TPS[pSer]LEDEAAGH,111,121
T[pSer][pThr]PSLEDEAAGH,111,121
T[pSer]PS[pSer]LEDEAAGH,111,121
T[pThr]PS[pSer]LEDEAAGH,111,121
T[pSer][pThr]PS[pSer]LEDEAAGH,111,121
HVTQEPESGKV,121,131
HVTQEPES[pSer]GKV,121,131
HVTQEPESGK[N6-acK]V,121,131
HVTQEPES[pSer]GK[N6-acK]V,121,131
VVQEGFLREPG,131,141
GPPGLSHQLMS,141,151
GPPGLS[pSer]HQLMS,141,151
GPPGLSHQLMS[pSer],141,151
GPPGLS[pSer]HQLMS[pSer],141,151
SGMPGAPLLPE,151,161
S[pSer]GMPGAPLLPE,151,161
EGPREATRQPS,161,171
EGPREATRQPS[pSer],161,171
SGTGPEDTEGG,171,181
S[pSer]GTGPEDTEGG,171,181
GRHAPELLKHQ,181,191
GRHAPELLK[N6-acK]HQ,181,191
QLLGDLHQEGP,191,201
PPLKGAGGKER,201,211
PPLK[N6-acK]GAGGKER,201,211
PPLKGAGGK[N6-acK]ER,201,211
PPLK[N6-acK]GAGGK[N6-acK]ER,201,211
RPGSKEEVDED,211,221
RPGS[pSer]KEEVDED,211,221
RPGSK[N6-acK]EEVDED,211,221
RPGS[pSer]K[N6-acK]EEVDED,211,221
DRDVDESSPQD,221,231
DRDVDES[pSer]SPQD,221,231
DRDVDESS[pSer]PQD,221,231
DRDVDES[pSer]S[pSer]PQD,221,231
DSPPSKASPAQ,231,241
DS[pSer]PPSKASPAQ,231,241
DSPPS[pSer]KASPAQ,231,241
DSPPSK[N6-acK]ASPAQ,231,241
DSPPSKAS[pSer]PAQ,231,241
DS[pSer]PPS[pSer]KASPAQ,231,241
DS[pSer]PPSK[N6-acK]ASPAQ,231,241
DS[pSer]PPSKAS[pSer]PAQ,231,241
DSPPS[pSer]K[N6-acK]ASPAQ,231,241
DSPPS[pSer]KAS[pSer]PAQ,231,241
DSPPSK[N6-acK]AS[pSer]PAQ,231,241
DS[pSer]PPS[pSer]K[N6-acK]ASPAQ,231,241
DS[pSer]PPS[pSer]KAS[pSer]PAQ,231,241
DS[pSer]PPSK[N6-acK]AS[pSer]PAQ,231,241
DSPPS[pSer]K[N6-acK]AS[pSer]PAQ,231,241
DS[pSer]PPS[pSer]K[N6-acK]AS[pSer]PAQ,231,241
QDGRPPQTAAR,241,251
REATSIPGFPA,251,261
REATS[pSer]IPGFPA,251,261
AEGAIPLPVDF,261,271
FLSKVSTEIPA,271,281
FLS[pSer]KVSTEIPA,271,281
FLSK[pSer]VSTEIPA,271,281
FLSK[N6-acK]VSTEIPA,271,281
FLSKVS[pSer]TEIPA,271,281
FLS[pSer]K[pSer]VSTEIPA,271,281
FLS[pSer]K[N6-acK]VSTEIPA,271,281
FLS[pSer]KVS[pSer]TEIPA,271,281
FLSK[pSer][N6-acK]VSTEIPA,271,281
FLSK[pSer]VS[pSer]TEIPA,271,281
FLSK[N6-acK]VS[pSer]TEIPA,271,281
FLS[pSer]K[pSer][N6-acK]VSTEIPA,271,281
FLS[pSer]K[pSer]VS[pSer]TEIPA,271,281
FLS[pSer]K[N6-acK]VS[pSer]TEIPA,271,281
FLSK[pSer][N6-acK]VS[pSer]TEIPA,271,281
FLS[pSer]K[pSer][N6-acK]VS[pSer]TEIPA,271,281
ASEPDGPSVGR,281,291
AS[pSer]EPDGPSVGR,281,291
ASEPDGPS[pSer]VGR,281,291
AS[pSer]EPDGPS[pSer]VGR,281,291
RAKGQDAPLEF,291,301
RAK[N6-acK]GQDAPLEF,291,301
FTFHVEITPNV,301,311
VQKEQAHSEEH,311,321
VQK[N6-acK]EQAHSEEH,311,321
VQKEQAHS[pSer]EEH,311,321
VQK[N6-acK]EQAHS[pSer]EEH,311,321
HLGRAAFPGAP,321,331
PGEGPEARGPS,331,341
PGEGPEARGPS[pSer],331,341
SLGEDTKEADL,341,351
S[pSer]LGEDTKEADL,341,351
SLGEDTK[pSer]EADL,341,351
SLGEDTK[N6-acK]EADL,341,351
S[pSer]LGEDTK[pSer]EADL,341,351
S[pSer]LGEDTK[N6-acK]EADL,341,351
SLGEDTK[pSer][N6-acK]EADL,341,351
S[pSer]LGEDTK[pSer][N6-acK]EADL,341,351
LPEPSEKQPAA,351,361
LPEPS[pSer]EKQPAA,351,361
LPEPSEK[N6-acK]QPAA,351,361
LPEPS[pSer]EK[N6-acK]QPAA,351,361
AAPRGKPVSRV,361,371
AAPRGK[N6-acK]PVSRV,361,371
AAPRGKPVS[pSer]RV,361,371
AAPRGK[N6-acK]PVS[pSer]RV,361,371
VPQLKARMVSK,371,381
VPQLK[pSer]ARMVSK,371,381
VPQLK[N6-acK]ARMVSK,371,381
VPQLKARMVS[pSer]K,371,381
VPQLKARMVSK[N6-acK],371,381
VPQLK[pSer][N6-acK]ARMVSK,371,381
VPQLK[pSer]ARMVS[pSer]K,371,381
VPQLK[pSer]ARMVSK[N6-acK],371,381
VPQLK[N6-acK]ARMVS[pSer]K,371,381
VPQLK[N6-acK]ARMVSK[N6-acK],371,381
VPQLKARMVS[pSer]K[N6-acK],371,381
VPQLK[pSer][N6-acK]ARMVS[pSer]K,371,381
VPQLK[pSer][N6-acK]ARMVSK[N6-acK],371,381
VPQLK[pSer]ARMVS[pSer]K[N6-acK],371,381
VPQLK[N6-acK]ARMVS[pSer]K[N6-acK],371,381
VPQLK[pSer][N6-acK]ARMVS[pSer]K[N6-acK],371,381
KSKDGTGSDDK,381,391
K[N6-acK]SKDGTGSDDK,381,391
KS[pSer]KDGTGSDDK,381,391
KSK[Gly]DGTGSDDK,381,391
KSK[N6-acK]DGTGSDDK,381,391
KSKDGTGS[pSer]DDK,381,391
KSKDGTGSDDK[N6-acK],381,391
K[N6-acK]S[pSer]KDGTGSDDK,381,391
K[N6-acK]SK[Gly]DGTGSDDK,381,391
K[N6-acK]SK[N6-acK]DGTGSDDK,381,391
K[N6-acK]SKDGTGS[pSer]DDK,381,391
K[N6-acK]SKDGTGSDDK[N6-acK],381,391
KS[pSer]K[Gly]DGTGSDDK,381,391
KS[pSer]K[N6-acK]DGTGSDDK,381,391
KS[pSer]KDGTGS[pSer]DDK,381,391
KS[pSer]KDGTGSDDK[N6-acK],381,391
KSK[Gly][N6-acK]DGTGSDDK,381,391
KSK[Gly]DGTGS[pSer]DDK,381,391
KSK[Gly]DGTGSDDK[N6-acK],381,391
KSK[N6-acK]DGTGS[pSer]DDK,381,391
KSK[N6-acK]DGTGSDDK[N6-acK],381,391
KSKDGTGS[pSer]DDK[N6-acK],381,391
K[N6-acK]S[pSer]K[Gly]DGTGSDDK,381,391
K[N6-acK]S[pSer]K[N6-acK]DGTGSDDK,381,391
K[N6-acK]S[pSer]KDGTGS[pSer]DDK,381,391
K[N6-acK]S[pSer]KDGTGSDDK[N6-acK],381,391
K[N6-acK]SK[Gly][N6-acK]DGTGSDDK,381,391
K[N6-acK]SK[Gly]DGTGS[pSer]DDK,381,391
K[N6-acK]SK[Gly]DGTGSDDK[N6-acK],381,391
K[N6-acK]SK[N6-acK]DGTGS[pSer]DDK,381,391
K[N6-acK]SK[N6-acK]DGTGSDDK[N6-acK],381,391
K[N6-acK]SKDGTGS[pSer]DDK[N6-acK],381,391
KS[pSer]K[Gly][N6-acK]DGTGSDDK,381,391
KS[pSer]K[Gly]DGTGS[pSer]DDK,381,391
KS[pSer]K[Gly]DGTGSDDK[N6-acK],381,391
KS[pSer]K[N6-acK]DGTGS[pSer]DDK,381,391
KS[pSer]K[N6-acK]DGTGSDDK[N6-acK],381,391
KS[pSer]KDGTGS[pSer]DDK[N6-acK],381,391
KSK[Gly][N6-acK]DGTGS[pSer]DDK,381,391
KSK[Gly][N6-acK]DGTGSDDK[N6-acK],381,391
KSK[Gly]DGTGS[pSer]DDK[N6-acK],381,391
KSK[N6-acK]DGTGS[pSer]DDK[N6-acK],381,391
K[N6-acK]S[pSer]K[Gly][N6-acK]DGTGSDDK,381,391
K[N6-acK]S[pSer]K[Gly]DGTGS[pSer]DDK,381,391
K[N6-acK]S[pSer]K[Gly]DGTGSDDK[N6-acK],381,391
K[N6-acK]S[pSer]K[N6-acK]DGTGS[pSer]DDK,381,391
K[N6-acK]S[pSer]K[N6-acK]DGTGSDDK[N6-acK],381,391
K[N6-acK]S[pSer]KDGTGS[pSer]DDK[N6-acK],381,391
K[N6-acK]SK[Gly][N6-acK]DGTGS[pSer]DDK,381,391
K[N6-acK]SK[Gly][N6-acK]DGTGSDDK[N6-acK],381,391
K[N6-acK]SK[Gly]DGTGS[pSer]DDK[N6-acK],381,391
K[N6-acK]SK[N6-acK]DGTGS[pSer]DDK[N6-acK],381,391
KS[pSer]K[Gly][N6-acK]DGTGS[pSer]DDK,381,391
KS[pSer]K[Gly][N6-acK]DGTGSDDK[N6-acK],381,391
KS[pSer]K[Gly]DGTGS[pSer]DDK[N6-acK],381,391
KS[pSer]K[N6-acK]DGTGS[pSer]DDK[N6-acK],381,391
KSK[Gly][N6-acK]DGTGS[pSer]DDK[N6-acK],381,391
K[N6-acK]S[pSer]K[Gly][N6-acK]DGTGS[pSer]DDK,381,391
K[N6-acK]S[pSer]K[Gly][N6-acK]DGTGSDDK[N6-acK],381,391
K[N6-acK]S[pSer]K[Gly]DGTGS[pSer]DDK[N6-acK],381,391
K[N6-acK]S[pSer]K[N6-acK]DGTGS[pSer]DDK[N6-acK],381,391
K[N6-acK]SK[Gly][N6-acK]DGTGS[pSer]DDK[N6-acK],381,391
KS[pSer]K[Gly][N6-acK]DGTGS[pSer]DDK[N6-acK],381,391
K[N6-acK]S[pSer]K[Gly][N6-acK]DGTGS[pSer]DDK[N6-acK],381,391
KKAKTSTRSSA,391,401
K[N6-acK]KAKTSTRSSA,391,401
KK[N6-acK]AKTSTRSSA,391,401
KKAK[N6-acK]TSTRSSA,391,401
KKAKTS[pSer]TRSSA,391,401
KKAKTSTRS[pSer]SA,391,401
KKAKTSTRSS[pSer]A,391,401
K[N6-acK]K[N6-acK]AKTSTRSSA,391,401
K[N6-acK]KAK[N6-acK]TSTRSSA,391,401
K[N6-acK]KAKTS[pSer]TRSSA,391,401
K[N6-acK]KAKTSTRS[pSer]SA,391,401
K[N6-acK]KAKTSTRSS[pSer]A,391,401
KK[N6-acK]AK[N6-acK]TSTRSSA,391,401
KK[N6-acK]AKTS[pSer]TRSSA,391,401
KK[N6-acK]AKTSTRS[pSer]SA,391,401
KK[N6-acK]AKTSTRSS[pSer]A,391,401
KKAK[N6-acK]TS[pSer]TRSSA,391,401
KKAK[N6-acK]TSTRS[pSer]SA,391,401
KKAK[N6-acK]TSTRSS[pSer]A,391,401
KKAKTS[pSer]TRS[pSer]SA,391,401
KKAKTS[pSer]TRSS[pSer]A,391,401
KKAKTSTRS[pSer]S[pSer]A,391,401
K[N6-acK]K[N6-acK]AK[N6-acK]TSTRSSA,391,401
K[N6-acK]K[N6-acK]AKTS[pSer]TRSSA,391,401
K[N6-acK]K[N6-acK]AKTSTRS[pSer]SA,391,401
K[N6-acK]K[N6-acK]AKTSTRSS[pSer]A,391,401
K[N6-acK]KAK[N6-acK]TS[pSer]TRSSA,391,401
K[N6-acK]KAK[N6-acK]TSTRS[pSer]SA,391,401
K[N6-acK]KAK[N6-acK]TSTRSS[pSer]A,391,401
K[N6-acK]KAKTS[pSer]TRS[pSer]SA,391,401
K[N6-acK]KAKTS[pSer]TRSS[pSer]A,391,401
K[N6-acK]KAKTSTRS[pSer]S[pSer]A,391,401
KK[N6-acK]AK[N6-acK]TS[pSer]TRSSA,391,401
KK[N6-acK]AK[N6-acK]TSTRS[pSer]SA,391,401
KK[N6-acK]AK[N6-acK]TSTRSS[pSer]A,391,401
KK[N6-acK]AKTS[pSer]TRS[pSer]SA,391,401
KK[N6-acK]AKTS[pSer]TRSS[pSer]A,391,401
KK[N6-acK]AKTSTRS[pSer]S[pSer]A,391,401
KKAK[N6-acK]TS[pSer]TRS[pSer]SA,391,401
KKAK[N6-acK]TS[pSer]TRSS[pSer]A,391,401
KKAK[N6-acK]TSTRS[pSer]S[pSer]A,391,401
KKAKTS[pSer]TRS[pSer]S[pSer]A,391,401
K[N6-acK]K[N6-acK]AK[N6-acK]TS[pSer]TRSSA,391,401
K[N6-acK]K[N6-acK]AK[N6-acK]TSTRS[pSer]SA,391,401
K[N6-acK]K[N6-acK]AK[N6-acK]TSTRSS[pSer]A,391,401
K[N6-acK]K[N6-acK]AKTS[pSer]TRS[pSer]SA,391,401
K[N6-acK]K[N6-acK]AKTS[pSer]TRSS[pSer]A,391,401
K[N6-acK]K[N6-acK]AKTSTRS[pSer]S[pSer]A,391,401
K[N6-acK]KAK[N6-acK]TS[pSer]TRS[pSer]SA,391,401
K[N6-acK]KAK[N6-acK]TS[pSer]TRSS[pSer]A,391,401
K[N6-acK]KAK[N6-acK]TSTRS[pSer]S[pSer]A,391,401
K[N6-acK]KAKTS[pSer]TRS[pSer]S[pSer]A,391,401
KK[N6-acK]AK[N6-acK]TS[pSer]TRS[pSer]SA,391,401
KK[N6-acK]AK[N6-acK]TS[pSer]TRSS[pSer]A,391,401
KK[N6-acK]AK[N6-acK]TSTRS[pSer]S[pSer]A,391,401
KK[N6-acK]AKTS[pSer]TRS[pSer]S[pSer]A,391,401
KKAK[N6-acK]TS[pSer]TRS[pSer]S[pSer]A,391,401
K[N6-acK]K[N6-acK]AK[N6-acK]TS[pSer]TRS[pSer]SA,391,401
K[N6-acK]K[N6-acK]AK[N6-acK]TS[pSer]TRSS[pSer]A,391,401
K[N6-acK]K[N6-acK]AK[N6-acK]TSTRS[pSer]S[pSer]A,391,401
K[N6-acK]K[N6-acK]AKTS[pSer]TRS[pSer]S[pSer]A,391,401
K[N6-acK]KAK[N6-acK]TS[pSer]TRS[pSer]S[pSer]A,391,401
KK[N6-acK]AK[N6-acK]TS[pSer]TRS[pSer]S[pSer]A,391,401
K[N6-acK]K[N6-acK]AK[N6-acK]TS[pSer]TRS[pSer]S[pSer]A,391,401
AKTLKNRPCLS,401,411
AK[N6-acK]TLKNRPCLS,401,411
AKT[pSer]LKNRPCLS,401,411
AKTLK[N6-acK]NRPCLS,401,411
AKTLKNRPCLS[pSer],401,411
AK[N6-acK]T[pSer]LKNRPCLS,401,411
AK[N6-acK]TLK[N6-acK]NRPCLS,401,411
AK[N6-acK]TLKNRPCLS[pSer],401,411
AKT[pSer]LK[N6-acK]NRPCLS,401,411
AKT[pSer]LKNRPCLS[pSer],401,411
AKTLK[N6-acK]NRPCLS[pSer],401,411
AK[N6-acK]T[pSer]LK[N6-acK]NRPCLS,401,411
AK[N6-acK]T[pSer]LKNRPCLS[pSer],401,411
AK[N6-acK]TLK[N6-acK]NRPCLS[pSer],401,411
AKT[pSer]LK[N6-acK]NRPCLS[pSer],401,411
AK[N6-acK]T[pSer]LK[N6-acK]NRPCLS[pSer],401,411
SPKHPTPGSSD,411,421
S[pSer]PKHPTPGSSD,411,421
SPK[N6-acK]HPTPGSSD,411,421
SPKHPTPGS[pSer]SD,411,421
SPKHPTPGSS[pSer]D,411,421
S[pSer]PK[N6-acK]HPTPGSSD,411,421
S[pSer]PKHPTPGS[pSer]SD,411,421
S[pSer]PKHPTPGSS[pSer]D,411,421
SPK[N6-acK]HPTPGS[pSer]SD,411,421
SPK[N6-acK]HPTPGSS[pSer]D,411,421
SPKHPTPGS[pSer]S[pSer]D,411,421
S[pSer]PK[N6-acK]HPTPGS[pSer]SD,411,421
S[pSer]PK[N6-acK]HPTPGSS[pSer]D,411,421
S[pSer]PKHPTPGS[pSer]S[pSer]D,411,421
SPK[N6-acK]HPTPGS[pSer]S[pSer]D,411,421
S[pSer]PK[N6-acK]HPTPGS[pSer]S[pSer]D,411,421
DPLIQPSSPAV,421,431
DPLIQPS[pSer]SPAV,421,431
DPLIQPSS[pSer]PAV,421,431
DPLIQPS[pSer]S[pSer]PAV,421,431
VCPEPPSSPKY,431,441
VCPEPPS[pSer]SPKY,431,441
VCPEPPSS[pSer]PKY,431,441
VCPEPPSSPK[N6-acK]Y,431,441
VCPEPPS[pSer]S[pSer]PKY,431,441
VCPEPPS[pSer]SPK[N6-acK]Y,431,441
VCPEPPSS[pSer]PK[N6-acK]Y,431,441
VCPEPPS[pSer]S[pSer]PK[N6-acK]Y,431,441
YVSSVTSRTGS,441,451
YVS[pSer]SVTSRTGS,441,451
YVSS[pSer]VTSRTGS,441,451
YVSSVTS[pSer]RTGS,441,451
YVSSVTSRTGS[pSer],441,451
YVS[pSer]S[pSer]VTSRTGS,441,451
YVS[pSer]SVTS[pSer]RTGS,441,451
YVS[pSer]SVTSRTGS[pSer],441,451
YVSS[pSer]VTS[pSer]RTGS,441,451
YVSS[pSer]VTSRTGS[pSer],441,451
YVSSVTS[pSer]RTGS[pSer],441,451
YVS[pSer]S[pSer]VTS[pSer]RTGS,441,451
YVS[pSer]S[pSer]VTSRTGS[pSer],441,451
YVS[pSer]SVTS[pSer]RTGS[pSer],441,451
YVSS[pSer]VTS[pSer]RTGS[pSer],441,451
YVS[pSer]S[pSer]VTS[pSer]RTGS[pSer],441,451
SSGAKEMKLKG,451,461
S[pSer]SGAKEMKLKG,451,461
SS[pSer]GAKEMKLKG,451,461
SSGAK[N6-acK]EMKLKG,451,461
SSGAKEMK[N6-acK]LKG,451,461
SSGAKEMKLK[N6-acK]G,451,461
S[pSer]S[pSer]GAKEMKLKG,451,461
S[pSer]SGAK[N6-acK]EMKLKG,451,461
S[pSer]SGAKEMK[N6-acK]LKG,451,461
S[pSer]SGAKEMKLK[N6-acK]G,451,461
SS[pSer]GAK[N6-acK]EMKLKG,451,461
SS[pSer]GAKEMK[N6-acK]LKG,451,461
SS[pSer]GAKEMKLK[N6-acK]G,451,461
SSGAK[N6-acK]EMK[N6-acK]LKG,451,461
SSGAK[N6-acK]EMKLK[N6-acK]G,451,461
SSGAKEMK[N6-acK]LK[N6-acK]G,451,461
S[pSer]S[pSer]GAK[N6-acK]EMKLKG,451,461
S[pSer]S[pSer]GAKEMK[N6-acK]LKG,451,461
S[pSer]S[pSer]GAKEMKLK[N6-acK]G,451,461
S[pSer]SGAK[N6-acK]EMK[N6-acK]LKG,451,461
S[pSer]SGAK[N6-acK]EMKLK[N6-acK]G,451,461
S[pSer]SGAKEMK[N6-acK]LK[N6-acK]G,451,461
SS[pSer]GAK[N6-acK]EMK[N6-acK]LKG,451,461
SS[pSer]GAK[N6-acK]EMKLK[N6-acK]G,451,461
SS[pSer]GAKEMK[N6-acK]LK[N6-acK]G,451,461
SSGAK[N6-acK]EMK[N6-acK]LK[N6-acK]G,451,461
S[pSer]S[pSer]GAK[N6-acK]EMK[N6-acK]LKG,451,461
S[pSer]S[pSer]GAK[N6-acK]EMKLK[N6-acK]G,451,461
S[pSer]S[pSer]GAKEMK[N6-acK]LK[N6-acK]G,451,461
S[pSer]SGAK[N6-acK]EMK[N6-acK]LK[N6-acK]G,451,461
SS[pSer]GAK[N6-acK]EMK[N6-acK]LK[N6-acK]G,451,461
S[pSer]S[pSer]GAK[N6-acK]EMK[N6-acK]LK[N6-acK]G,451,461
GADGKTKIATP,461,471
GADGK[N6-acK]TKIATP,461,471
GADGKTK[Gly]IATP,461,471
GADGKTK[N6-acK]IATP,461,471
GADGK[N6-acK]TK[Gly]IATP,461,471
GADGK[N6-acK]TK[N6-acK]IATP,461,471
GADGKTK[Gly][N6-acK]IATP,461,471
GADGK[N6-acK]TK[Gly][N6-acK]IATP,461,471
PRGAAPPGQKG,471,481
PRGAAPPGQK[Gly]G,471,481
PRGAAPPGQK[N6-acK]G,471,481
PRGAAPPGQK[Gly][N6-acK]G,471,481
GQANATRIPAK,481,491
GQANATRIPAK[Gly],481,491
GQANATRIPAK[N6-acK],481,491
GQANATRIPAK[Gly][N6-acK],481,491
KTPPAPKTPPS,491,501
K[Gly]TPPAPKTPPS,491,501
K[N6-acK]TPPAPKTPPS,491,501
KTPPAPK[N6-acK]TPPS,491,501
KTPPAPKTPPS[pSer],491,501
K[Gly][N6-acK]TPPAPKTPPS,491,501
K[Gly]TPPAPK[N6-acK]TPPS,491,501
K[Gly]TPPAPKTPPS[pSer],491,501
K[N6-acK]TPPAPK[N6-acK]TPPS,491,501
K[N6-acK]TPPAPKTPPS[pSer],491,501
KTPPAPK[N6-acK]TPPS[pSer],491,501
K[Gly][N6-acK]TPPAPK[N6-acK]TPPS,491,501
K[Gly][N6-acK]TPPAPKTPPS[pSer],491,501
K[Gly]TPPAPK[N6-acK]TPPS[pSer],491,501
K[N6-acK]TPPAPK[N6-acK]TPPS[pSer],491,501
K[Gly][N6-acK]TPPAPK[N6-acK]TPPS[pSer],491,501
SSGEPPKSGDR,501,511
S[pSer]SGEPPKSGDR,501,511
SS[pSer]GEPPKSGDR,501,511
SSGEPPK[N6-acK]SGDR,501,511
SSGEPPKS[pSer]GDR,501,511
S[pSer]S[pSer]GEPPKSGDR,501,511
S[pSer]SGEPPK[N6-acK]SGDR,501,511
S[pSer]SGEPPKS[pSer]GDR,501,511
SS[pSer]GEPPK[N6-acK]SGDR,501,511
SS[pSer]GEPPKS[pSer]GDR,501,511
SSGEPPK[N6-acK]S[pSer]GDR,501,511
S[pSer]S[pSer]GEPPK[N6-acK]SGDR,501,511
S[pSer]S[pSer]GEPPKS[pSer]GDR,501,511
S[pSer]SGEPPK[N6-acK]S[pSer]GDR,501,511
SS[pSer]GEPPK[N6-acK]S[pSer]GDR,501,511
S[pSer]S[pSer]GEPPK[N6-acK]S[pSer]GDR,501,511
RSGYSSPGSPG,511,521
RS[pSer]GYSSPGSPG,511,521
RSGYS[pSer]SPGSPG,511,521
RSGYSS[pSer]PGSPG,511,521
RSGYSSPGS[pSer]PG,511,521
RS[pSer]GYS[pSer]SPGSPG,511,521
RS[pSer]GYSS[pSer]PGSPG,511,521
RS[pSer]GYSSPGS[pSer]PG,511,521
RSGYS[pSer]S[pSer]PGSPG,511,521
RSGYS[pSer]SPGS[pSer]PG,511,521
RSGYSS[pSer]PGS[pSer]PG,511,521
RS[pSer]GYS[pSer]S[pSer]PGSPG,511,521
RS[pSer]GYS[pSer]SPGS[pSer]PG,511,521
RS[pSer]GYSS[pSer]PGS[pSer]PG,511,521
RSGYS[pSer]S[pSer]PGS[pSer]PG,511,521
RS[pSer]GYS[pSer]S[pSer]PGS[pSer]PG,511,521
GTPGSRSRTPS,521,531
GTPGS[pSer]RSRTPS,521,531
GTPGSRS[pSer]RTPS,521,531
GTPGSRSRTPS[pSer],521,531
GTPGS[pSer]RS[pSer]RTPS,521,531
GTPGS[pSer]RSRTPS[pSer],521,531
GTPGSRS[pSer]RTPS[pSer],521,531
GTPGS[pSer]RS[pSer]RTPS[pSer],521,531
SLPTPPTREPK,531,541
S[pSer]LPTPPTREPK,531,541
SLPTPPTREPK[N6-acK],531,541
S[pSer]LPTPPTREPK[N6-acK],531,541
KKVAVVRTPPK,541,551
K[N6-acK]KVAVVRTPPK,541,551
KK[Gly]VAVVRTPPK,541,551
KK[N6-acK]VAVVRTPPK,541,551
KKVAVVRTPPK[N6-acK],541,551
K[N6-acK]K[Gly]VAVVRTPPK,541,551
K[N6-acK]K[N6-acK]VAVVRTPPK,541,551
K[N6-acK]KVAVVRTPPK[N6-acK],541,551
KK[Gly][N6-acK]VAVVRTPPK,541,551
KK[Gly]VAVVRTPPK[N6-acK],541,551
KK[N6-acK]VAVVRTPPK[N6-acK],541,551
K[N6-acK]K[Gly][N6-acK]VAVVRTPPK,541,551
K[N6-acK]K[Gly]VAVVRTPPK[N6-acK],541,551
K[N6-acK]K[N6-acK]VAVVRTPPK[N6-acK],541,551
KK[Gly][N6-acK]VAVVRTPPK[N6-acK],541,551
K[N6-acK]K[Gly][N6-acK]VAVVRTPPK[N6-acK],541,551
KSPSSAKSRLQ,551,561
K[N6-acK]SPSSAKSRLQ,551,561
KS[pSer]PSSAKSRLQ,551,561
KSPS[pSer]SAKSRLQ,551,561
KSPSS[pSer]AKSRLQ,551,561
KSPSSAK[N6-acK]SRLQ,551,561
KSPSSAKS[pSer]RLQ,551,561
K[N6-acK]S[pSer]PSSAKSRLQ,551,561
K[N6-acK]SPS[pSer]SAKSRLQ,551,561
K[N6-acK]SPSS[pSer]AKSRLQ,551,561
K[N6-acK]SPSSAK[N6-acK]SRLQ,551,561
K[N6-acK]SPSSAKS[pSer]RLQ,551,561
KS[pSer]PS[pSer]SAKSRLQ,551,561
KS[pSer]PSS[pSer]AKSRLQ,551,561
KS[pSer]PSSAK[N6-acK]SRLQ,551,561
KS[pSer]PSSAKS[pSer]RLQ,551,561
KSPS[pSer]S[pSer]AKSRLQ,551,561
KSPS[pSer]SAK[N6-acK]SRLQ,551,561
KSPS[pSer]SAKS[pSer]RLQ,551,561
KSPSS[pSer]AK[N6-acK]SRLQ,551,561
KSPSS[pSer]AKS[pSer]RLQ,551,561
KSPSSAK[N6-acK]S[pSer]RLQ,551,561
K[N6-acK]S[pSer]PS[pSer]SAKSRLQ,551,561
K[N6-acK]S[pSer]PSS[pSer]AKSRLQ,551,561
K[N6-acK]S[pSer]PSSAK[N6-acK]SRLQ,551,561
K[N6-acK]S[pSer]PSSAKS[pSer]RLQ,551,561
K[N6-acK]SPS[pSer]S[pSer]AKSRLQ,551,561
K[N6-acK]SPS[pSer]SAK[N6-acK]SRLQ,551,561
K[N6-acK]SPS[pSer]SAKS[pSer]RLQ,551,561
K[N6-acK]SPSS[pSer]AK[N6-acK]SRLQ,551,561
K[N6-acK]SPSS[pSer]AKS[pSer]RLQ,551,561
K[N6-acK]SPSSAK[N6-acK]S[pSer]RLQ,551,561
KS[pSer]PS[pSer]S[pSer]AKSRLQ,551,561
KS[pSer]PS[pSer]SAK[N6-acK]SRLQ,551,561
KS[pSer]PS[pSer]SAKS[pSer]RLQ,551,561
KS[pSer]PSS[pSer]AK[N6-acK]SRLQ,551,561
KS[pSer]PSS[pSer]AKS[pSer]RLQ,551,561
KS[pSer]PSSAK[N6-acK]S[pSer]RLQ,551,561
KSPS[pSer]S[pSer]AK[N6-acK]SRLQ,551,561
KSPS[pSer]S[pSer]AKS[pSer]RLQ,551,561
KSPS[pSer]SAK[N6-acK]S[pSer]RLQ,551,561
KSPSS[pSer]AK[N6-acK]S[pSer]RLQ,551,561
K[N6-acK]S[pSer]PS[pSer]S[pSer]AKSRLQ,551,561
K[N6-acK]S[pSer]PS[pSer]SAK[N6-acK]SRLQ,551,561
K[N6-acK]S[pSer]PS[pSer]SAKS[pSer]RLQ,551,561
K[N6-acK]S[pSer]PSS[pSer]AK[N6-acK]SRLQ,551,561
K[N6-acK]S[pSer]PSS[pSer]AKS[pSer]RLQ,551,561
K[N6-acK]S[pSer]PSSAK[N6-acK]S[pSer]RLQ,551,561
K[N6-acK]SPS[pSer]S[pSer]AK[N6-acK]SRLQ,551,561
K[N6-acK]SPS[pSer]S[pSer]AKS[pSer]RLQ,551,561
K[N6-acK]SPS[pSer]SAK[N6-acK]S[pSer]RLQ,551,561
K[N6-acK]SPSS[pSer]AK[N6-acK]S[pSer]RLQ,551,561
KS[pSer]PS[pSer]S[pSer]AK[N6-acK]SRLQ,551,561
KS[pSer]PS[pSer]S[pSer]AKS[pSer]RLQ,551,561
KS[pSer]PS[pSer]SAK[N6-acK]S[pSer]RLQ,551,561
KS[pSer]PSS[pSer]AK[N6-acK]S[pSer]RLQ,551,561
KSPS[pSer]S[pSer]AK[N6-acK]S[pSer]RLQ,551,561
K[N6-acK]S[pSer]PS[pSer]S[pSer]AK[N6-acK]SRLQ,551,561
K[N6-acK]S[pSer]PS[pSer]S[pSer]AKS[pSer]RLQ,551,561
K[N6-acK]S[pSer]PS[pSer]SAK[N6-acK]S[pSer]RLQ,551,561
K[N6-acK]S[pSer]PSS[pSer]AK[N6-acK]S[pSer]RLQ,551,561
K[N6-acK]SPS[pSer]S[pSer]AK[N6-acK]S[pSer]RLQ,551,561
KS[pSer]PS[pSer]S[pSer]AK[N6-acK]S[pSer]RLQ,551,561
K[N6-acK]S[pSer]PS[pSer]S[pSer]AK[N6-acK]S[pSer]RLQ,551,561
QTAPVPMPDLK,561,571
QTAPVPMPDLK[N6-acK],561,571
KNVKSKIGSTE,571,581
K[N6-acK]NVKSKIGSTE,571,581
KNVK[N6-acK]SKIGSTE,571,581
KNVKS[pSer]KIGSTE,571,581
KNVKSK[Gly]IGSTE,571,581
KNVKSK[N6-acK]IGSTE,571,581
KNVKSKIGS[pSer]TE,571,581
K[N6-acK]NVK[N6-acK]SKIGSTE,571,581
K[N6-acK]NVKS[pSer]KIGSTE,571,581
K[N6-acK]NVKSK[Gly]IGSTE,571,581
K[N6-acK]NVKSK[N6-acK]IGSTE,571,581
K[N6-acK]NVKSKIGS[pSer]TE,571,581
KNVK[N6-acK]S[pSer]KIGSTE,571,581
KNVK[N6-acK]SK[Gly]IGSTE,571,581
KNVK[N6-acK]SK[N6-acK]IGSTE,571,581
KNVK[N6-acK]SKIGS[pSer]TE,571,581
KNVKS[pSer]K[Gly]IGSTE,571,581
KNVKS[pSer]K[N6-acK]IGSTE,571,581
KNVKS[pSer]KIGS[pSer]TE,571,581
KNVKSK[Gly][N6-acK]IGSTE,571,581
KNVKSK[Gly]IGS[pSer]TE,571,581
KNVKSK[N6-acK]IGS[pSer]TE,571,581
K[N6-acK]NVK[N6-acK]S[pSer]KIGSTE,571,581
K[N6-acK]NVK[N6-acK]SK[Gly]IGSTE,571,581
K[N6-acK]NVK[N6-acK]SK[N6-acK]IGSTE,571,581
K[N6-acK]NVK[N6-acK]SKIGS[pSer]TE,571,581
K[N6-acK]NVKS[pSer]K[Gly]IGSTE,571,581
K[N6-acK]NVKS[pSer]K[N6-acK]IGSTE,571,581
K[N6-acK]NVKS[pSer]KIGS[pSer]TE,571,581
K[N6-acK]NVKSK[Gly][N6-acK]IGSTE,571,581
K[N6-acK]NVKSK[Gly]IGS[pSer]TE,571,581
K[N6-acK]NVKSK[N6-acK]IGS[pSer]TE,571,581
KNVK[N6-acK]S[pSer]K[Gly]IGSTE,571,581
KNVK[N6-acK]S[pSer]K[N6-acK]IGSTE,571,581
KNVK[N6-acK]S[pSer]KIGS[pSer]TE,571,581
KNVK[N6-acK]SK[Gly][N6-acK]IGSTE,571,581
KNVK[N6-acK]SK[Gly]IGS[pSer]TE,571,581
KNVK[N6-acK]SK[N6-acK]IGS[pSer]TE,571,581
KNVKS[pSer]K[Gly][N6-acK]IGSTE,571,581
KNVKS[pSer]K[Gly]IGS[pSer]TE,571,581
KNVKS[pSer]K[N6-acK]IGS[pSer]TE,571,581
KNVKSK[Gly][N6-acK]IGS[pSer]TE,571,581
K[N6-acK]NVK[N6-acK]S[pSer]K[Gly]IGSTE,571,581
K[N6-acK]NVK[N6-acK]S[pSer]K[N6-acK]IGSTE,571,581
K[N6-acK]NVK[N6-acK]S[pSer]KIGS[pSer]TE,571,581
K[N6-acK]NVK[N6-acK]SK[Gly][N6-acK]IGSTE,571,581
K[N6-acK]NVK[N6-acK]SK[Gly]IGS[pSer]TE,571,581
K[N6-acK]NVK[N6-acK]SK[N6-acK]IGS[pSer]TE,571,581
K[N6-acK]NVKS[pSer]K[Gly][N6-acK]IGSTE,571,581
K[N6-acK]NVKS[pSer]K[Gly]IGS[pSer]TE,571,581
K[N6-acK]NVKS[pSer]K[N6-acK]IGS[pSer]TE,571,581
K[N6-acK]NVKSK[Gly][N6-acK]IGS[pSer]TE,571,581
KNVK[N6-acK]S[pSer]K[Gly][N6-acK]IGSTE,571,581
KNVK[N6-acK]S[pSer]K[Gly]IGS[pSer]TE,571,581
KNVK[N6-acK]S[pSer]K[N6-acK]IGS[pSer]TE,571,581
KNVK[N6-acK]SK[Gly][N6-acK]IGS[pSer]TE,571,581
KNVKS[pSer]K[Gly][N6-acK]IGS[pSer]TE,571,581
K[N6-acK]NVK[N6-acK]S[pSer]K[Gly][N6-acK]IGSTE,571,581
K[N6-acK]NVK[N6-acK]S[pSer]K[Gly]IGS[pSer]TE,571,581
K[N6-acK]NVK[N6-acK]S[pSer]K[N6-acK]IGS[pSer]TE,571,581
K[N6-acK]NVK[N6-acK]SK[Gly][N6-acK]IGS[pSer]TE,571,581
K[N6-acK]NVKS[pSer]K[Gly][N6-acK]IGS[pSer]TE,571,581
KNVK[N6-acK]S[pSer]K[Gly][N6-acK]IGS[pSer]TE,571,581
K[N6-acK]NVK[N6-acK]S[pSer]K[Gly][N6-acK]IGS[pSer]TE,571,581
ENLKHQPGGGK,581,591
ENLK[N6-acK]HQPGGGK,581,591
ENLKHQPGGGK[N6-acK],581,591
ENLK[N6-acK]HQPGGGK[N6-acK],581,591
KVQIINKKLDL,591,601
K[N6-acK]VQIINKKLDL,591,601
KVQIINK[Gly]KLDL,591,601
KVQIINK[N6-acK]KLDL,591,601
KVQIINKK[Gly]LDL,591,601
KVQIINKK[N6-acK]LDL,591,601
K[N6-acK]VQIINK[Gly]KLDL,591,601
K[N6-acK]VQIINK[N6-acK]KLDL,591,601
K[N6-acK]VQIINKK[Gly]LDL,591,601
K[N6-acK]VQIINKK[N6-acK]LDL,591,601
KVQIINK[Gly][N6-acK]KLDL,591,601
KVQIINK[Gly]K[Gly]LDL,591,601
KVQIINK[Gly]K[N6-acK]LDL,591,601
KVQIINK[N6-acK]K[Gly]LDL,591,601
KVQIINK[N6-acK]K[N6-acK]LDL,591,601
KVQIINKK[Gly][N6-acK]LDL,591,601
K[N6-acK]VQIINK[Gly][N6-acK]KLDL,591,601
K[N6-acK]VQIINK[Gly]K[Gly]LDL,591,601
K[N6-acK]VQIINK[Gly]K[N6-acK]LDL,591,601
K[N6-acK]VQIINK[N6-acK]K[Gly]LDL,591,601
K[N6-acK]VQIINK[N6-acK]K[N6-acK]LDL,591,601
K[N6-acK]VQIINKK[Gly][N6-acK]LDL,591,601
KVQIINK[Gly][N6-acK]K[Gly]LDL,591,601
KVQIINK[Gly][N6-acK]K[N6-acK]LDL,591,601
KVQIINK[Gly]K[Gly][N6-acK]LDL,591,601
KVQIINK[N6-acK]K[Gly][N6-acK]LDL,591,601
K[N6-acK]VQIINK[Gly][N6-acK]K[Gly]LDL,591,601
K[N6-acK]VQIINK[Gly][N6-acK]K[N6-acK]LDL,591,601
K[N6-acK]VQIINK[Gly]K[Gly][N6-acK]LDL,591,601
K[N6-acK]VQIINK[N6-acK]K[Gly][N6-acK]LDL,591,601
KVQIINK[Gly][N6-acK]K[Gly][N6-acK]LDL,591,601
K[N6-acK]VQIINK[Gly][N6-acK]K[Gly][N6-acK]LDL,591,601
LSNVQSKCGSK,601,611
LS[pSer]NVQSKCGSK,601,611
LSNVQS[pSer]KCGSK,601,611
LSNVQSK[N6-acK]CGSK,601,611
LSNVQSKCGS[pSer]K,601,611
LSNVQSKCGSK[N6-acK],601,611
LS[pSer]NVQS[pSer]KCGSK,601,611
LS[pSer]NVQSK[N6-acK]CGSK,601,611
LS[pSer]NVQSKCGS[pSer]K,601,611
LS[pSer]NVQSKCGSK[N6-acK],601,611
LSNVQS[pSer]K[N6-acK]CGSK,601,611
LSNVQS[pSer]KCGS[pSer]K,601,611
LSNVQS[pSer]KCGSK[N6-acK],601,611
LSNVQSK[N6-acK]CGS[pSer]K,601,611
LSNVQSK[N6-acK]CGSK[N6-acK],601,611
LSNVQSKCGS[pSer]K[N6-acK],601,611
LS[pSer]NVQS[pSer]K[N6-acK]CGSK,601,611
LS[pSer]NVQS[pSer]KCGS[pSer]K,601,611
LS[pSer]NVQS[pSer]KCGSK[N6-acK],601,611
LS[pSer]NVQSK[N6-acK]CGS[pSer]K,601,611
LS[pSer]NVQSK[N6-acK]CGSK[N6-acK],601,611
LS[pSer]NVQSKCGS[pSer]K[N6-acK],601,611
LSNVQS[pSer]K[N6-acK]CGS[pSer]K,601,611
LSNVQS[pSer]K[N6-acK]CGSK[N6-acK],601,611
LSNVQS[pSer]KCGS[pSer]K[N6-acK],601,611
LSNVQSK[N6-acK]CGS[pSer]K[N6-acK],601,611
LS[pSer]NVQS[pSer]K[N6-acK]CGS[pSer]K,601,611
LS[pSer]NVQS[pSer]K[N6-acK]CGSK[N6-acK],601,611
LS[pSer]NVQS[pSer]KCGS[pSer]K[N6-acK],601,611
LS[pSer]NVQSK[N6-acK]CGS[pSer]K[N6-acK],601,611
LSNVQS[pSer]K[N6-acK]CGS[pSer]K[N6-acK],601,611
LS[pSer]NVQS[pSer]K[N6-acK]CGS[pSer]K[N6-acK],601,611
KDNIKHVPGGG,611,621
K[N6-acK]DNIKHVPGGG,611,621
KDNIK[N6-acK]HVPGGG,611,621
K[N6-acK]DNIK[N6-acK]HVPGGG,611,621
GSVQIVYKPVD,621,631
GS[pSer]VQIVYKPVD,621,631
GSVQIVYK[N6-acK]PVD,621,631
GS[pSer]VQIVYK[N6-acK]PVD,621,631
DLSKVTSKCGS,631,641
DLS[pSer]KVTSKCGS,631,641
DLSK[N6-acK]VTSKCGS,631,641
DLSKVTS[pSer]KCGS,631,641
DLSKVTSK[N6-acK]CGS,631,641
DLSKVTSKCGS[pSer],631,641
DLS[pSer]K[N6-acK]VTSKCGS,631,641
DLS[pSer]KVTS[pSer]KCGS,631,641
DLS[pSer]KVTSK[N6-acK]CGS,631,641
DLS[pSer]KVTSKCGS[pSer],631,641
DLSK[N6-acK]VTS[pSer]KCGS,631,641
DLSK[N6-acK]VTSK[N6-acK]CGS,631,641
DLSK[N6-acK]VTSKCGS[pSer],631,641
DLSKVTS[pSer]K[N6-acK]CGS,631,641
DLSKVTS[pSer]KCGS[pSer],631,641
DLSKVTSK[N6-acK]CGS[pSer],631,641
DLS[pSer]K[N6-acK]VTS[pSer]KCGS,631,641
DLS[pSer]K[N6-acK]VTSK[N6-acK]CGS,631,641
DLS[pSer]K[N6-acK]VTSKCGS[pSer],631,641
DLS[pSer]KVTS[pSer]K[N6-acK]CGS,631,641
DLS[pSer]KVTS[pSer]KCGS[pSer],631,641
DLS[pSer]KVTSK[N6-acK]CGS[pSer],631,641
DLSK[N6-acK]VTS[pSer]K[N6-acK]CGS,631,641
DLSK[N6-acK]VTS[pSer]KCGS[pSer],631,641
DLSK[N6-acK]VTSK[N6-acK]CGS[pSer],631,641
DLSKVTS[pSer]K[N6-acK]CGS[pSer],631,641
DLS[pSer]K[N6-acK]VTS[pSer]K[N6-acK]CGS,631,641
DLS[pSer]K[N6-acK]VTS[pSer]KCGS[pSer],631,641
DLS[pSer]K[N6-acK]VTSK[N6-acK]CGS[pSer],631,641
DLS[pSer]KVTS[pSer]K[N6-acK]CGS[pSer],631,641
DLSK[N6-acK]VTS[pSer]K[N6-acK]CGS[pSer],631,641
DLS[pSer]K[N6-acK]VTS[pSer]K[N6-acK]CGS[pSer],631,641
SLGNIHHKPGG,641,651
S[pSer]LGNIHHKPGG,641,651
SLGNIHHK[N6-acK]PGG,641,651
S[pSer]LGNIHHK[N6-acK]PGG,641,651
GGQVEVKSEKL,651,661
GGQVEVK[N6-acK]SEKL,651,661
GGQVEVKS[pSer]EKL,651,661
GGQVEVKSEK[N6-acK]L,651,661
GGQVEVK[N6-acK]S[pSer]EKL,651,661
GGQVEVK[N6-acK]SEK[N6-acK]L,651,661
GGQVEVKS[pSer]EK[N6-acK]L,651,661
GGQVEVK[N6-acK]S[pSer]EK[N6-acK]L,651,661
LDFKDRVQSKI,661,671
LDFK[Gly]DRVQSKI,661,671
LDFK[N6-acK]DRVQSKI,661,671
LDFKDRVQS[pSer]KI,661,671
LDFKDRVQSK[N6-acK]I,661,671
LDFK[Gly][N6-acK]DRVQSKI,661,671
LDFK[Gly]DRVQS[pSer]KI,661,671
LDFK[Gly]DRVQSK[N6-acK]I,661,671
LDFK[N6-acK]DRVQS[pSer]KI,661,671
LDFK[N6-acK]DRVQSK[N6-acK]I,661,671
LDFKDRVQS[pSer]K[N6-acK]I,661,671
LDFK[Gly][N6-acK]DRVQS[pSer]KI,661,671
LDFK[Gly][N6-acK]DRVQSK[N6-acK]I,661,671
LDFK[Gly]DRVQS[pSer]K[N6-acK]I,661,671
LDFK[N6-acK]DRVQS[pSer]K[N6-acK]I,661,671
LDFK[Gly][N6-acK]DRVQS[pSer]K[N6-acK]I,661,671
IGSLDNITHVP,671,681
IGS[pSer]LDNITHVP,671,681
PGGGNKKIETH,681,691
PGGGNK[Gly]KIETH,681,691
PGGGNK[N6-acK]KIETH,681,691
PGGGNKK[N6-acK]IETH,681,691
PGGGNK[Gly][N6-acK]KIETH,681,691
PGGGNK[Gly]K[N6-acK]IETH,681,691
PGGGNK[N6-acK]K[N6-acK]IETH,681,691
PGGGNK[Gly][N6-acK]K[N6-acK]IETH,681,691
HKLTFRENAKA,691,701
HK[N6-acK]LTFRENAKA,691,701
HKLTFRENAK[N6-acK]A,691,701
HK[N6-acK]LTFRENAK[N6-acK]A,691,701
AKTDHGAEIVY,701,711
AK[N6-acK]TDHGAEIVY,701,711
YKSPVVSGDTS,711,721
YK[N6-acK]SPVVSGDTS,711,721
YKS[pSer]PVVSGDTS,711,721
YKSPVVS[pSer]GDTS,711,721
YKSPVVSGDTS[pSer],711,721
YK[N6-acK]S[pSer]PVVSGDTS,711,721
YK[N6-acK]SPVVS[pSer]GDTS,711,721
YK[N6-acK]SPVVSGDTS[pSer],711,721
YKS[pSer]PVVS[pSer]GDTS,711,721
YKS[pSer]PVVSGDTS[pSer],711,721
YKSPVVS[pSer]GDTS[pSer],711,721
YK[N6-acK]S[pSer]PVVS[pSer]GDTS,711,721
YK[N6-acK]S[pSer]PVVSGDTS[pSer],711,721
YK[N6-acK]SPVVS[pSer]GDTS[pSer],711,721
YKS[pSer]PVVS[pSer]GDTS[pSer],711,721
YK[N6-acK]S[pSer]PVVS[pSer]GDTS[pSer],711,721
SPRHLSNVSST,721,731
S[pSer]PRHLSNVSST,721,731
SPRHLS[pSer]NVSST,721,731
SPRHLSNVS[pSer]ST,721,731
SPRHLSNVSS[pSer]T,721,731
S[pSer]PRHLS[pSer]NVSST,721,731
S[pSer]PRHLSNVS[pSer]ST,721,731
S[pSer]PRHLSNVSS[pSer]T,721,731
SPRHLS[pSer]NVS[pSer]ST,721,731
SPRHLS[pSer]NVSS[pSer]T,721,731
SPRHLSNVS[pSer]S[pSer]T,721,731
S[pSer]PRHLS[pSer]NVS[pSer]ST,721,731
S[pSer]PRHLS[pSer]NVSS[pSer]T,721,731
S[pSer]PRHLSNVS[pSer]S[pSer]T,721,731
SPRHLS[pSer]NVS[pSer]S[pSer]T,721,731
S[pSer]PRHLS[pSer]NVS[pSer]S[pSer]T,721,731
TGSIDMVDSPQ,731,741
TGS[pSer]IDMVDSPQ,731,741
TGSIDMVDS[pSer]PQ,731,741
TGS[pSer]IDMVDS[pSer]PQ,731,741
QLATLADEVSA,741,751
QLATLADEVS[pSer]A,741,751
