PEP,START,END,BASE
MAEPRQEFEVM,1,11,*
EFEVMEDHAGT,7,17,*
DHAGTYGLGDR,13,23,*
GLGDRKDQGGY,19,29,*
GLGDRK[N6-acK]DQGGY[pTyr],19,29,
GLGDRK[N6-acK]DQGGY,19,29,
GLGDRKDQGGY[pTyr],19,29,
DQGGYTMHQDQ,25,35,*
DQGGY[pTyr]T[pThr]MHQDQ,25,35,
DQGGYT[pThr]MHQDQ,25,35,
DQGGY[pTyr]TMHQDQ,25,35,
MHQDQEGDTDA,31,41,*
MHQDQEGDT[pThr]DA,31,41,
GDTDAGLKESP,37,47,*
GDTDAGLKES[pSer]P,37,47,
GDTDAGLK[N6-acK]ES[pSer]P,37,47,
GDT[pThr]DAGLKES[pSer]P,37,47,
GDTDAGLK[N6-acK]ESP,37,47,
GDT[pThr]DAGLK[N6-acK]ESP,37,47,
GDT[pThr]DAGLKESP,37,47,
GDT[pThr]DAGLK[N6-acK]ES[pSer]P,37,47,
LKESPLQTPTE,43,53,*
LK[N6-acK]ESPLQTPTE,43,53,
LK[N6-acK]ES[pSer]PLQTPTE,43,53,
LKES[pSer]PLQTPTE,43,53,
QTPTEDGSEEP,49,59,*
QTPTEDGS[pSer]EEP,49,59,
GSEEPGSETSD,55,65,*
GS[pSer]EEPGS[pSer]ETS[pSer]D,55,65,
GS[pSer]EEPGSETSD,55,65,
GS[pSer]EEPGS[pSer]ETSD,55,65,
GS[pSer]EEPGSETS[pSer]D,55,65,
GSEEPGS[pSer]ETSD,55,65,
GSEEPGS[pSer]ETS[pSer]D,55,65,
GSEEPGSETS[pSer]D,55,65,
SETSDAKSTPT,61,71,*
S[pSer]ETSDAK[N6-acK]ST[pThr]PT[pThr],61,71,
SETS[pSer]DAKSTPT[pThr],61,71,
S[pSer]ETSDAK[K-Methyl]S[pSer]T[pThr]PT[pThr],61,71,
S[pSer]ETS[pSer]DAK[K-Methyl]S[pSer]TPT,61,71,
SETS[pSer]DAK[N6-acK]STPT,61,71,
S[pSer]ETS[pSer]DAK[N6-acK]S[pSer]T[pThr]PT[pThr],61,71,
SETSDAK[K-Methyl]STPT,61,71,
SETSDAK[K-Methyl]S[pSer]T[pThr]PT[pThr],61,71,
SETS[pSer]DAKS[pSer]T[pThr]PT[pThr],61,71,
SETSDAK[K-Methyl]S[pSer]T[pThr]PT,61,71,
S[pSer]ETSDAK[K-Methyl]S[pSer]TPT[pThr],61,71,
S[pSer]ETS[pSer]DAKS[pSer]TPT[pThr],61,71,
S[pSer]ETSDAKS[pSer]TPT[pThr],61,71,
S[pSer]ETSDAK[N6-acK]STPT[pThr],61,71,
S[pSer]ETS[pSer]DAK[K-Methyl]ST[pThr]PT[pThr],61,71,
S[pSer]ETSDAK[N6-acK]S[pSer]TPT[pThr],61,71,
S[pSer]ETS[pSer]DAK[N6-acK]STPT[pThr],61,71,
SETS[pSer]DAK[N6-acK]ST[pThr]PT,61,71,
S[pSer]ETS[pSer]DAK[N6-acK]S[pSer]TPT[pThr],61,71,
SETS[pSer]DAK[K-Methyl]STPT,61,71,
SETSDAK[K-Methyl]S[pSer]TPT[pThr],61,71,
S[pSer]ETSDAK[N6-acK]ST[pThr]PT,61,71,
S[pSer]ETS[pSer]DAKS[pSer]T[pThr]PT[pThr],61,71,
S[pSer]ETSDAKS[pSer]T[pThr]PT[pThr],61,71,
S[pSer]ETS[pSer]DAK[N6-acK]S[pSer]T[pThr]PT,61,71,
S[pSer]ETSDAK[N6-acK]S[pSer]T[pThr]PT[pThr],61,71,
SETS[pSer]DAKS[pSer]T[pThr]PT,61,71,
SETS[pSer]DAK[K-Methyl]S[pSer]T[pThr]PT[pThr],61,71,
SETS[pSer]DAK[K-Methyl]S[pSer]TPT[pThr],61,71,
SETS[pSer]DAK[K-Methyl]STPT[pThr],61,71,
S[pSer]ETS[pSer]DAKSTPT,61,71,
S[pSer]ETSDAKSTPT[pThr],61,71,
SETSDAKS[pSer]TPT,61,71,
S[pSer]ETS[pSer]DAKS[pSer]T[pThr]PT,61,71,
SETS[pSer]DAK[K-Methyl]S[pSer]T[pThr]PT,61,71,
SETSDAK[N6-acK]ST[pThr]PT,61,71,
SETSDAK[N6-acK]S[pSer]T[pThr]PT[pThr],61,71,
S[pSer]ETSDAK[K-Methyl]ST[pThr]PT,61,71,
SETSDAKS[pSer]T[pThr]PT,61,71,
SETSDAK[K-Methyl]ST[pThr]PT,61,71,
SETS[pSer]DAKS[pSer]TPT[pThr],61,71,
S[pSer]ETS[pSer]DAKSTPT[pThr],61,71,
S[pSer]ETS[pSer]DAKST[pThr]PT,61,71,
SETS[pSer]DAK[N6-acK]STPT[pThr],61,71,
S[pSer]ETS[pSer]DAK[N6-acK]ST[pThr]PT[pThr],61,71,
SETSDAK[N6-acK]S[pSer]TPT,61,71,
S[pSer]ETSDAKS[pSer]T[pThr]PT,61,71,
S[pSer]ETSDAK[K-Methyl]STPT,61,71,
S[pSer]ETS[pSer]DAK[K-Methyl]ST[pThr]PT,61,71,
S[pSer]ETS[pSer]DAKS[pSer]TPT,61,71,
S[pSer]ETS[pSer]DAK[K-Methyl]S[pSer]T[pThr]PT[pThr],61,71,
SETS[pSer]DAK[N6-acK]S[pSer]T[pThr]PT,61,71,
SETS[pSer]DAK[N6-acK]S[pSer]T[pThr]PT[pThr],61,71,
S[pSer]ETS[pSer]DAK[K-Methyl]STPT[pThr],61,71,
S[pSer]ETSDAK[K-Methyl]ST[pThr]PT[pThr],61,71,
SETSDAK[K-Methyl]S[pSer]TPT,61,71,
SETSDAKS[pSer]TPT[pThr],61,71,
S[pSer]ETS[pSer]DAK[K-Methyl]STPT,61,71,
SETSDAK[N6-acK]S[pSer]T[pThr]PT,61,71,
SETS[pSer]DAKS[pSer]TPT,61,71,
S[pSer]ETS[pSer]DAK[N6-acK]S[pSer]TPT,61,71,
SETSDAKST[pThr]PT,61,71,
SETSDAK[N6-acK]S[pSer]TPT[pThr],61,71,
S[pSer]ETS[pSer]DAK[N6-acK]ST[pThr]PT,61,71,
SETS[pSer]DAK[N6-acK]ST[pThr]PT[pThr],61,71,
SETSDAK[N6-acK]STPT[pThr],61,71,
SETSDAK[N6-acK]STPT,61,71,
S[pSer]ETSDAKST[pThr]PT[pThr],61,71,
S[pSer]ETSDAKST[pThr]PT,61,71,
S[pSer]ETSDAK[K-Methyl]S[pSer]T[pThr]PT,61,71,
S[pSer]ETSDAK[N6-acK]S[pSer]TPT,61,71,
SETS[pSer]DAKST[pThr]PT[pThr],61,71,
S[pSer]ETS[pSer]DAK[N6-acK]STPT,61,71,
SETSDAK[K-Methyl]STPT[pThr],61,71,
S[pSer]ETSDAKS[pSer]TPT,61,71,
SETS[pSer]DAKST[pThr]PT,61,71,
SETS[pSer]DAK[K-Methyl]S[pSer]TPT,61,71,
SETSDAK[K-Methyl]ST[pThr]PT[pThr],61,71,
SETS[pSer]DAKSTPT,61,71,
SETSDAKSTPT[pThr],61,71,
S[pSer]ETS[pSer]DAK[K-Methyl]S[pSer]T[pThr]PT,61,71,
SETSDAKS[pSer]T[pThr]PT[pThr],61,71,
S[pSer]ETSDAK[K-Methyl]S[pSer]TPT,61,71,
SETSDAK[N6-acK]ST[pThr]PT[pThr],61,71,
S[pSer]ETSDAKSTPT,61,71,
S[pSer]ETSDAK[K-Methyl]STPT[pThr],61,71,
S[pSer]ETS[pSer]DAK[K-Methyl]S[pSer]TPT[pThr],61,71,
S[pSer]ETSDAK[N6-acK]STPT,61,71,
SETS[pSer]DAK[K-Methyl]ST[pThr]PT[pThr],61,71,
S[pSer]ETSDAK[N6-acK]S[pSer]T[pThr]PT,61,71,
S[pSer]ETS[pSer]DAKST[pThr]PT[pThr],61,71,
SETS[pSer]DAK[N6-acK]S[pSer]TPT[pThr],61,71,
SETS[pSer]DAK[N6-acK]S[pSer]TPT,61,71,
SETS[pSer]DAK[K-Methyl]ST[pThr]PT,61,71,
SETSDAKST[pThr]PT[pThr],61,71,
KSTPTAEDVTA,67,77,*
KST[pThr]PTAEDVTA,67,77,
KSTPT[pThr]AEDVTA,67,77,
K[K-Methyl]S[pSer]TPT[pThr]AEDVTA,67,77,
K[N6-acK]ST[pThr]PTAEDVTA,67,77,
K[K-Methyl]STPT[pThr]AEDVTA,67,77,
KST[pThr]PT[pThr]AEDVTA,67,77,
KS[pSer]T[pThr]PTAEDVTA,67,77,
K[N6-acK]S[pSer]TPTAEDVTA,67,77,
K[N6-acK]S[pSer]T[pThr]PT[pThr]AEDVTA,67,77,
KS[pSer]TPTAEDVTA,67,77,
KS[pSer]T[pThr]PT[pThr]AEDVTA,67,77,
K[N6-acK]S[pSer]T[pThr]PTAEDVTA,67,77,
K[N6-acK]STPT[pThr]AEDVTA,67,77,
K[K-Methyl]ST[pThr]PT[pThr]AEDVTA,67,77,
K[K-Methyl]ST[pThr]PTAEDVTA,67,77,
K[N6-acK]S[pSer]TPT[pThr]AEDVTA,67,77,
K[N6-acK]STPTAEDVTA,67,77,
K[N6-acK]ST[pThr]PT[pThr]AEDVTA,67,77,
K[K-Methyl]S[pSer]T[pThr]PTAEDVTA,67,77,
KS[pSer]TPT[pThr]AEDVTA,67,77,
K[K-Methyl]S[pSer]TPTAEDVTA,67,77,
K[K-Methyl]S[pSer]T[pThr]PT[pThr]AEDVTA,67,77,
K[K-Methyl]STPTAEDVTA,67,77,
EDVTAPLVDEG,73,83,*
LVDEGAPGKQA,79,89,*
LVDEGAPGK[N6-acK]QA,79,89,
LVDEGAPGK[Gly]QA,79,89,
PGKQAAAQPHT,85,95,*
PGK[Gly]QAAAQPHT,85,95,
PGK[N6-acK]QAAAQPHT,85,95,
AQPHTEIPEGT,91,101,*
IPEGTTAEEAG,97,107,*
AEEAGIGDTPS,103,113,*
AEEAGIGDT[pThr]PS,103,113,
AEEAGIGDT[pThr]PS[pSer],103,113,
AEEAGIGDTPS[pSer],103,113,
GDTPSLEDEAA,109,119,*
GDT[pThr]PSLEDEAA,109,119,
GDTPS[pSer]LEDEAA,109,119,
GDT[pThr]PS[pSer]LEDEAA,109,119,
EDEAAGHVTQE,115,125,*
HVTQEPESGKV,121,131,*
HVTQEPES[pSer]GK[N6-acK]V,121,131,
HVTQEPESGK[N6-acK]V,121,131,
HVTQEPES[pSer]GKV,121,131,
ESGKVVQEGFL,127,137,*
ESGK[N6-acK]VVQEGFL,127,137,
ES[pSer]GKVVQEGFL,127,137,
ES[pSer]GK[N6-acK]VVQEGFL,127,137,
QEGFLREPGPP,133,143,*
EPGPPGLSHQL,139,149,*
EPGPPGLS[pSer]HQL,139,149,
LSHQLMSGMPG,145,155,*
LS[pSer]HQLMSGMPG,145,155,
LS[pSer]HQLMS[pSer]GMPG,145,155,
LSHQLMS[pSer]GMPG,145,155,
SGMPGAPLLPE,151,161,*
S[pSer]GMPGAPLLPE,151,161,
PLLPEGPREAT,157,167,*
PREATRQPSGT,163,173,*
PREATRQPS[pSer]GT,163,173,
QPSGTGPEDTE,169,179,*
QPS[pSer]GTGPEDTE,169,179,
PEDTEGGRHAP,175,185,*
GRHAPELLKHQ,181,191,*
GRHAPELLK[N6-acK]HQ,181,191,
LLKHQLLGDLH,187,197,*
LLK[N6-acK]HQLLGDLH,187,197,
LGDLHQEGPPL,193,203,*
EGPPLKGAGGK,199,209,*
EGPPLKGAGGK[N6-acK],199,209,
EGPPLK[N6-acK]GAGGK[N6-acK],199,209,
EGPPLK[N6-acK]GAGGK,199,209,
GAGGKERPGSK,205,215,*
GAGGK[N6-acK]ERPGS[pSer]K,205,215,
GAGGKERPGS[pSer]K,205,215,
GAGGK[N6-acK]ERPGSK,205,215,
GAGGK[N6-acK]ERPGS[pSer]K[N6-acK],205,215,
GAGGKERPGSK[N6-acK],205,215,
GAGGK[N6-acK]ERPGSK[N6-acK],205,215,
GAGGKERPGS[pSer]K[N6-acK],205,215,
RPGSKEEVDED,211,221,*
RPGS[pSer]K[N6-acK]EEVDED,211,221,
RPGSK[N6-acK]EEVDED,211,221,
RPGS[pSer]KEEVDED,211,221,
EVDEDRDVDES,217,227,*
EVDEDRDVDES[pSer],217,227,
DVDESSPQDSP,223,233,*
DVDES[pSer]SPQDS[pSer]P,223,233,
DVDESS[pSer]PQDSP,223,233,
DVDESSPQDS[pSer]P,223,233,
DVDES[pSer]S[pSer]PQDSP,223,233,
DVDES[pSer]SPQDSP,223,233,
DVDES[pSer]S[pSer]PQDS[pSer]P,223,233,
DVDESS[pSer]PQDS[pSer]P,223,233,
PQDSPPSKASP,229,239,*
PQDS[pSer]PPSKAS[pSer]P,229,239,
PQDSPPS[pSer]K[N6-acK]AS[pSer]P,229,239,
PQDS[pSer]PPSK[N6-acK]AS[pSer]P,229,239,
PQDS[pSer]PPSK[N6-acK]ASP,229,239,
PQDS[pSer]PPS[pSer]K[N6-acK]AS[pSer]P,229,239,
PQDSPPS[pSer]KASP,229,239,
PQDS[pSer]PPS[pSer]KAS[pSer]P,229,239,
PQDSPPSKAS[pSer]P,229,239,
PQDS[pSer]PPS[pSer]KASP,229,239,
PQDS[pSer]PPSKASP,229,239,
PQDSPPSK[N6-acK]AS[pSer]P,229,239,
PQDSPPSK[N6-acK]ASP,229,239,
PQDSPPS[pSer]KAS[pSer]P,229,239,
PQDSPPS[pSer]K[N6-acK]ASP,229,239,
PQDS[pSer]PPS[pSer]K[N6-acK]ASP,229,239,
SKASPAQDGRP,235,245,*
SKAS[pSer]PAQDGRP,235,245,
S[pSer]KAS[pSer]PAQDGRP,235,245,
S[pSer]K[N6-acK]AS[pSer]PAQDGRP,235,245,
S[pSer]KASPAQDGRP,235,245,
S[pSer]K[N6-acK]ASPAQDGRP,235,245,
SK[N6-acK]AS[pSer]PAQDGRP,235,245,
SK[N6-acK]ASPAQDGRP,235,245,
QDGRPPQTAAR,241,251,*
QTAAREATSIP,247,257,*
QTAAREATS[pSer]IP,247,257,
ATSIPGFPAEG,253,263,*
ATS[pSer]IPGFPAEG,253,263,
FPAEGAIPLPV,259,269,*
IPLPVDFLSKV,265,275,*
IPLPVDFLSK[N6-acK]V,265,275,
IPLPVDFLS[pSer]KV,265,275,
IPLPVDFLS[pSer]K[N6-acK]V,265,275,
IPLPVDFLS[pSer]K[Gly]V,265,275,
IPLPVDFLSK[Gly]V,265,275,
FLSKVSTEIPA,271,281,*
FLSK[N6-acK]VSTEIPA,271,281,
FLSK[N6-acK]VS[pSer]TEIPA,271,281,
FLS[pSer]K[Gly]VS[pSer]TEIPA,271,281,
FLS[pSer]K[N6-acK]VS[pSer]TEIPA,271,281,
FLSKVS[pSer]TEIPA,271,281,
FLS[pSer]K[Gly]VSTEIPA,271,281,
FLSK[Gly]VS[pSer]TEIPA,271,281,
FLS[pSer]KVSTEIPA,271,281,
FLS[pSer]K[N6-acK]VSTEIPA,271,281,
FLS[pSer]KVS[pSer]TEIPA,271,281,
FLSK[Gly]VSTEIPA,271,281,
TEIPASEPDGP,277,287,*
TEIPAS[pSer]EPDGP,277,287,
EPDGPSVGRAK,283,293,*
EPDGPS[pSer]VGRAK[N6-acK],283,293,
EPDGPS[pSer]VGRAK,283,293,
EPDGPSVGRAK[N6-acK],283,293,
VGRAKGQDAPL,289,299,*
VGRAK[N6-acK]GQDAPL,289,299,
QDAPLEFTFHV,295,305,*
FTFHVEITPNV,301,311,*
ITPNVQKEQAH,307,317,*
ITPNVQK[N6-acK]EQAH,307,317,
KEQAHSEEHLG,313,323,*
KEQAHS[pSer]EEHLG,313,323,
K[N6-acK]EQAHSEEHLG,313,323,
K[N6-acK]EQAHS[pSer]EEHLG,313,323,
EEHLGRAAFPG,319,329,*
AAFPGAPGEGP,325,335,*
PGEGPEARGPS,331,341,*
PGEGPEARGPS[pSer],331,341,
ARGPSLGEDTK,337,347,*
ARGPSLGEDTK[N6-acK],337,347,
ARGPS[pSer]LGEDTK[N6-acK],337,347,
ARGPS[pSer]LGEDTK,337,347,
GEDTKEADLPE,343,353,*
GEDTK[N6-acK]EADLPE,343,353,
ADLPEPSEKQP,349,359,*
ADLPEPS[pSer]EK[N6-acK]QP,349,359,
ADLPEPS[pSer]EKQP,349,359,
ADLPEPSEK[N6-acK]QP,349,359,
SEKQPAAAPRG,355,365,*
S[pSer]EK[N6-acK]QPAAAPRG,355,365,
SEK[N6-acK]QPAAAPRG,355,365,
S[pSer]EKQPAAAPRG,355,365,
AAPRGKPVSRV,361,371,*
AAPRGKPVS[pSer]RV,361,371,
AAPRGK[N6-acK]PVS[pSer]RV,361,371,
AAPRGK[N6-acK]PVSRV,361,371,
PVSRVPQLKAR,367,377,*
PVSRVPQLK[N6-acK]AR,367,377,
PVS[pSer]RVPQLKAR,367,377,
PVS[pSer]RVPQLK[N6-acK]AR,367,377,
QLKARMVSKSK,373,383,*
QLK[N6-acK]ARMVSKS[pSer]K,373,383,
QLK[N6-acK]ARMVSK[N6-acK]SK,373,383,
QLKARMVSK[N6-acK]S[pSer]K[N6-acK],373,383,
QLKARMVS[pSer]K[N6-acK]S[pSer]K[Gly],373,383,
QLKARMVSK[N6-acK]S[pSer]K,373,383,
QLK[N6-acK]ARMVS[pSer]KS[pSer]K,373,383,
QLKARMVSKS[pSer]K[N6-acK],373,383,
QLK[N6-acK]ARMVSK[N6-acK]S[pSer]K,373,383,
QLK[N6-acK]ARMVS[pSer]KS[pSer]K[N6-acK],373,383,
QLKARMVS[pSer]KS[pSer]K[Gly],373,383,
QLK[N6-acK]ARMVS[pSer]K[N6-acK]S[pSer]K[Gly],373,383,
QLK[N6-acK]ARMVSK[N6-acK]S[pSer]K[N6-acK],373,383,
QLKARMVSKS[pSer]K[Gly],373,383,
QLK[N6-acK]ARMVS[pSer]K[N6-acK]S[pSer]K,373,383,
QLKARMVSK[N6-acK]S[pSer]K[Gly],373,383,
QLK[N6-acK]ARMVSKS[pSer]K[N6-acK],373,383,
QLK[N6-acK]ARMVSKSK[N6-acK],373,383,
QLKARMVS[pSer]KS[pSer]K[N6-acK],373,383,
QLK[N6-acK]ARMVS[pSer]KSK,373,383,
QLK[N6-acK]ARMVSK[N6-acK]S[pSer]K[Gly],373,383,
QLKARMVSKSK[Gly],373,383,
QLK[N6-acK]ARMVS[pSer]K[N6-acK]S[pSer]K[N6-acK],373,383,
QLKARMVSK[N6-acK]SK[Gly],373,383,
QLKARMVSKS[pSer]K,373,383,
QLK[N6-acK]ARMVSK[N6-acK]SK[Gly],373,383,
QLKARMVSK[N6-acK]SK,373,383,
QLK[N6-acK]ARMVS[pSer]KSK[N6-acK],373,383,
QLK[N6-acK]ARMVSKSK[Gly],373,383,
QLKARMVS[pSer]K[N6-acK]SK[N6-acK],373,383,
QLKARMVS[pSer]K[N6-acK]S[pSer]K[N6-acK],373,383,
QLK[N6-acK]ARMVSKS[pSer]K[Gly],373,383,
QLK[N6-acK]ARMVS[pSer]KSK[Gly],373,383,
QLK[N6-acK]ARMVS[pSer]KS[pSer]K[Gly],373,383,
QLKARMVS[pSer]K[N6-acK]SK[Gly],373,383,
QLKARMVSKSK[N6-acK],373,383,
QLK[N6-acK]ARMVSKSK,373,383,
QLK[N6-acK]ARMVS[pSer]K[N6-acK]SK,373,383,
QLK[N6-acK]ARMVS[pSer]K[N6-acK]SK[Gly],373,383,
QLKARMVS[pSer]KSK,373,383,
QLKARMVS[pSer]K[N6-acK]SK,373,383,
QLKARMVSK[N6-acK]SK[N6-acK],373,383,
QLK[N6-acK]ARMVS[pSer]K[N6-acK]SK[N6-acK],373,383,
QLKARMVS[pSer]KS[pSer]K,373,383,
QLKARMVS[pSer]KSK[N6-acK],373,383,
QLKARMVS[pSer]K[N6-acK]S[pSer]K,373,383,
QLKARMVS[pSer]KSK[Gly],373,383,
QLK[N6-acK]ARMVSK[N6-acK]SK[N6-acK],373,383,
VSKSKDGTGSD,379,389,*
VSKS[pSer]K[Gly]DGTGSD,379,389,
VS[pSer]KSKDGTGSD,379,389,
VSKSK[N6-acK]DGTGS[pSer]D,379,389,
VSK[N6-acK]S[pSer]KDGTGSD,379,389,
VSK[N6-acK]SK[N6-acK]DGTGS[pSer]D,379,389,
VSKSK[Gly]DGTGS[pSer]D,379,389,
VS[pSer]KSKDGTGS[pSer]D,379,389,
VSKS[pSer]K[N6-acK]DGTGS[pSer]D,379,389,
VS[pSer]K[N6-acK]SKDGTGSD,379,389,
VS[pSer]K[N6-acK]SKDGTGS[pSer]D,379,389,
VSKSK[N6-acK]DGTGSD,379,389,
VSK[N6-acK]SKDGTGSD,379,389,
VSK[N6-acK]SKDGTGS[pSer]D,379,389,
VS[pSer]K[N6-acK]S[pSer]K[N6-acK]DGTGS[pSer]D,379,389,
VS[pSer]KS[pSer]K[Gly]DGTGSD,379,389,
VS[pSer]K[N6-acK]S[pSer]KDGTGS[pSer]D,379,389,
VSK[N6-acK]SK[Gly]DGTGS[pSer]D,379,389,
VS[pSer]K[N6-acK]SK[N6-acK]DGTGS[pSer]D,379,389,
VSK[N6-acK]SK[N6-acK]DGTGSD,379,389,
VS[pSer]K[N6-acK]S[pSer]K[Gly]DGTGS[pSer]D,379,389,
VS[pSer]K[N6-acK]S[pSer]K[N6-acK]DGTGSD,379,389,
VS[pSer]K[N6-acK]SK[Gly]DGTGSD,379,389,
VS[pSer]K[N6-acK]SK[Gly]DGTGS[pSer]D,379,389,
VS[pSer]K[N6-acK]S[pSer]KDGTGSD,379,389,
VSK[N6-acK]S[pSer]K[Gly]DGTGS[pSer]D,379,389,
VSKS[pSer]KDGTGSD,379,389,
VS[pSer]KSK[Gly]DGTGS[pSer]D,379,389,
VS[pSer]KS[pSer]KDGTGSD,379,389,
VS[pSer]K[N6-acK]SK[N6-acK]DGTGSD,379,389,
VSK[N6-acK]S[pSer]K[Gly]DGTGSD,379,389,
VS[pSer]KSK[N6-acK]DGTGSD,379,389,
VSK[N6-acK]SK[Gly]DGTGSD,379,389,
VS[pSer]K[N6-acK]S[pSer]K[Gly]DGTGSD,379,389,
VS[pSer]KS[pSer]K[N6-acK]DGTGS[pSer]D,379,389,
VSKS[pSer]K[Gly]DGTGS[pSer]D,379,389,
VSKS[pSer]K[N6-acK]DGTGSD,379,389,
VSK[N6-acK]S[pSer]K[N6-acK]DGTGSD,379,389,
VSKSKDGTGS[pSer]D,379,389,
VSKS[pSer]KDGTGS[pSer]D,379,389,
VS[pSer]KSK[Gly]DGTGSD,379,389,
VS[pSer]KS[pSer]KDGTGS[pSer]D,379,389,
VSK[N6-acK]S[pSer]KDGTGS[pSer]D,379,389,
VSK[N6-acK]S[pSer]K[N6-acK]DGTGS[pSer]D,379,389,
VS[pSer]KS[pSer]K[Gly]DGTGS[pSer]D,379,389,
VS[pSer]KS[pSer]K[N6-acK]DGTGSD,379,389,
VSKSK[Gly]DGTGSD,379,389,
VS[pSer]KSK[N6-acK]DGTGS[pSer]D,379,389,
GTGSDDKKAKT,385,395,*
GTGS[pSer]DDKKAKT,385,395,
GTGSDDK[N6-acK]KAK[N6-acK]T,385,395,
GTGSDDK[N6-acK]K[N6-acK]AKT,385,395,
GTGSDDK[N6-acK]KAKT,385,395,
GTGSDDKK[N6-acK]AK[N6-acK]T,385,395,
GTGS[pSer]DDK[N6-acK]KAKT,385,395,
GTGS[pSer]DDKK[N6-acK]AK[N6-acK]T,385,395,
GTGSDDKK[N6-acK]AKT,385,395,
GTGS[pSer]DDK[N6-acK]K[N6-acK]AKT,385,395,
GTGSDDKKAK[N6-acK]T,385,395,
GTGS[pSer]DDKK[N6-acK]AKT,385,395,
GTGS[pSer]DDK[N6-acK]K[N6-acK]AK[N6-acK]T,385,395,
GTGS[pSer]DDKKAK[N6-acK]T,385,395,
GTGSDDK[N6-acK]K[N6-acK]AK[N6-acK]T,385,395,
GTGS[pSer]DDK[N6-acK]KAK[N6-acK]T,385,395,
KKAKTSTRSSA,391,401,*
KK[N6-acK]AK[N6-acK]TS[pSer]TRSSA,391,401,
K[N6-acK]K[N6-acK]AKTS[pSer]TRSS[pSer]A,391,401,
KK[N6-acK]AK[N6-acK]TSTRS[pSer]S[pSer]A,391,401,
K[N6-acK]K[N6-acK]AK[N6-acK]TS[pSer]TRS[pSer]SA,391,401,
K[N6-acK]K[N6-acK]AKTS[pSer]TRSSA,391,401,
KK[N6-acK]AKTS[pSer]TRSSA,391,401,
K[N6-acK]KAK[N6-acK]TS[pSer]TRSSA,391,401,
K[N6-acK]KAK[N6-acK]TSTRS[pSer]SA,391,401,
K[N6-acK]K[N6-acK]AK[N6-acK]TSTRSSA,391,401,
K[N6-acK]KAK[N6-acK]TSTRSS[pSer]A,391,401,
KKAK[N6-acK]TSTRS[pSer]S[pSer]A,391,401,
KKAKTS[pSer]TRS[pSer]SA,391,401,
K[N6-acK]KAK[N6-acK]TSTRS[pSer]S[pSer]A,391,401,
KK[N6-acK]AK[N6-acK]TS[pSer]TRS[pSer]S[pSer]A,391,401,
K[N6-acK]K[N6-acK]AKTSTRS[pSer]SA,391,401,
K[N6-acK]KAK[N6-acK]TSTRSSA,391,401,
K[N6-acK]K[N6-acK]AK[N6-acK]TS[pSer]TRSS[pSer]A,391,401,
K[N6-acK]KAKTS[pSer]TRSS[pSer]A,391,401,
KK[N6-acK]AKTS[pSer]TRS[pSer]SA,391,401,
KKAK[N6-acK]TS[pSer]TRSS[pSer]A,391,401,
KK[N6-acK]AK[N6-acK]TSTRS[pSer]SA,391,401,
KKAKTS[pSer]TRS[pSer]S[pSer]A,391,401,
KK[N6-acK]AKTS[pSer]TRSS[pSer]A,391,401,
K[N6-acK]KAKTSTRSS[pSer]A,391,401,
K[N6-acK]KAKTS[pSer]TRS[pSer]SA,391,401,
K[N6-acK]KAK[N6-acK]TS[pSer]TRS[pSer]SA,391,401,
K[N6-acK]KAKTS[pSer]TRS[pSer]S[pSer]A,391,401,
KKAKTSTRSS[pSer]A,391,401,
K[N6-acK]K[N6-acK]AK[N6-acK]TS[pSer]TRSSA,391,401,
KKAKTS[pSer]TRSS[pSer]A,391,401,
K[N6-acK]K[N6-acK]AKTSTRSS[pSer]A,391,401,
K[N6-acK]KAK[N6-acK]TS[pSer]TRSS[pSer]A,391,401,
KK[N6-acK]AKTSTRS[pSer]S[pSer]A,391,401,
K[N6-acK]K[N6-acK]AK[N6-acK]TSTRSS[pSer]A,391,401,
K[N6-acK]KAK[N6-acK]TS[pSer]TRS[pSer]S[pSer]A,391,401,
KKAK[N6-acK]TSTRS[pSer]SA,391,401,
K[N6-acK]KAKTSTRS[pSer]S[pSer]A,391,401,
KKAKTSTRS[pSer]SA,391,401,
K[N6-acK]K[N6-acK]AKTS[pSer]TRS[pSer]SA,391,401,
KK[N6-acK]AKTSTRSSA,391,401,
KKAK[N6-acK]TS[pSer]TRS[pSer]SA,391,401,
KKAK[N6-acK]TS[pSer]TRSSA,391,401,
KKAKTSTRS[pSer]S[pSer]A,391,401,
K[N6-acK]K[N6-acK]AKTS[pSer]TRS[pSer]S[pSer]A,391,401,
KKAKTS[pSer]TRSSA,391,401,
K[N6-acK]KAKTSTRSSA,391,401,
K[N6-acK]KAKTS[pSer]TRSSA,391,401,
KK[N6-acK]AKTSTRS[pSer]SA,391,401,
K[N6-acK]K[N6-acK]AK[N6-acK]TSTRS[pSer]S[pSer]A,391,401,
KK[N6-acK]AKTSTRSS[pSer]A,391,401,
KK[N6-acK]AKTS[pSer]TRS[pSer]S[pSer]A,391,401,
KK[N6-acK]AK[N6-acK]TS[pSer]TRSS[pSer]A,391,401,
KK[N6-acK]AK[N6-acK]TSTRSSA,391,401,
K[N6-acK]K[N6-acK]AKTSTRSSA,391,401,
K[N6-acK]KAKTSTRS[pSer]SA,391,401,
KKAK[N6-acK]TS[pSer]TRS[pSer]S[pSer]A,391,401,
K[N6-acK]K[N6-acK]AKTSTRS[pSer]S[pSer]A,391,401,
KK[N6-acK]AK[N6-acK]TS[pSer]TRS[pSer]SA,391,401,
KK[N6-acK]AK[N6-acK]TSTRSS[pSer]A,391,401,
KKAK[N6-acK]TSTRSS[pSer]A,391,401,
K[N6-acK]K[N6-acK]AK[N6-acK]TS[pSer]TRS[pSer]S[pSer]A,391,401,
KKAK[N6-acK]TSTRSSA,391,401,
K[N6-acK]K[N6-acK]AK[N6-acK]TSTRS[pSer]SA,391,401,
TRSSAKTLKNR,397,407,*
TRS[pSer]S[pSer]AKTLK[N6-acK]NR,397,407,
TRSS[pSer]AKT[pThr]LK[N6-acK]NR,397,407,
TRSSAKTLK[N6-acK]NR,397,407,
TRS[pSer]S[pSer]AKT[pThr]LK[N6-acK]NR,397,407,
TRS[pSer]S[pSer]AK[N6-acK]T[pThr]LK[N6-acK]NR,397,407,
TRSS[pSer]AKTLKNR,397,407,
TRSSAK[N6-acK]T[pThr]LKNR,397,407,
TRS[pSer]S[pSer]AKTLKNR,397,407,
TRS[pSer]SAK[N6-acK]TLKNR,397,407,
TRS[pSer]SAKT[pThr]LKNR,397,407,
TRS[pSer]SAKT[pThr]LK[N6-acK]NR,397,407,
TRSSAK[N6-acK]T[pThr]LK[N6-acK]NR,397,407,
TRSS[pSer]AK[N6-acK]TLKNR,397,407,
TRSS[pSer]AK[N6-acK]TLK[N6-acK]NR,397,407,
TRSSAKT[pThr]LK[N6-acK]NR,397,407,
TRSSAK[N6-acK]TLKNR,397,407,
TRSS[pSer]AK[N6-acK]T[pThr]LK[N6-acK]NR,397,407,
TRS[pSer]S[pSer]AK[N6-acK]T[pThr]LKNR,397,407,
TRS[pSer]SAK[N6-acK]T[pThr]LK[N6-acK]NR,397,407,
TRSSAKT[pThr]LKNR,397,407,
TRS[pSer]SAK[N6-acK]T[pThr]LKNR,397,407,
TRSS[pSer]AKTLK[N6-acK]NR,397,407,
TRS[pSer]S[pSer]AKT[pThr]LKNR,397,407,
TRS[pSer]S[pSer]AK[N6-acK]TLK[N6-acK]NR,397,407,
TRSS[pSer]AK[N6-acK]T[pThr]LKNR,397,407,
TRS[pSer]SAK[N6-acK]TLK[N6-acK]NR,397,407,
TRS[pSer]SAKTLK[N6-acK]NR,397,407,
TRSS[pSer]AKT[pThr]LKNR,397,407,
TRSSAK[N6-acK]TLK[N6-acK]NR,397,407,
TRS[pSer]S[pSer]AK[N6-acK]TLKNR,397,407,
TRS[pSer]SAKTLKNR,397,407,
TLKNRPCLSPK,403,413,*
TLKNRPCLS[pSer]PK,403,413,
TLK[N6-acK]NRPCLS[pSer]PK[N6-acK],403,413,
TLK[N6-acK]NRPCLS[pSer]PK,403,413,
T[pThr]LK[N6-acK]NRPCLS[pSer]PK[N6-acK],403,413,
T[pThr]LK[N6-acK]NRPCLSPK,403,413,
TLK[N6-acK]NRPCLSPK,403,413,
T[pThr]LKNRPCLS[pSer]PK[N6-acK],403,413,
T[pThr]LKNRPCLSPK[N6-acK],403,413,
T[pThr]LKNRPCLSPK,403,413,
TLKNRPCLS[pSer]PK[N6-acK],403,413,
T[pThr]LK[N6-acK]NRPCLS[pSer]PK,403,413,
T[pThr]LKNRPCLS[pSer]PK,403,413,
TLK[N6-acK]NRPCLSPK[N6-acK],403,413,
TLKNRPCLSPK[N6-acK],403,413,
T[pThr]LK[N6-acK]NRPCLSPK[N6-acK],403,413,
CLSPKHPTPGS,409,419,*
CLS[pSer]PKHPTPGS,409,419,
CLS[pSer]PK[N6-acK]HPTPGS[pSer],409,419,
CLS[pSer]PKHPTPGS[pSer],409,419,
CLSPK[N6-acK]HPTPGS[pSer],409,419,
CLSPKHPTPGS[pSer],409,419,
CLSPK[N6-acK]HPTPGS,409,419,
CLS[pSer]PK[N6-acK]HPTPGS,409,419,
PTPGSSDPLIQ,415,425,*
PTPGSS[pSer]DPLIQ,415,425,
PTPGS[pSer]S[pSer]DPLIQ,415,425,
PTPGS[pSer]SDPLIQ,415,425,
DPLIQPSSPAV,421,431,*
DPLIQPS[pSer]SPAV,421,431,
DPLIQPSS[pSer]PAV,421,431,
DPLIQPS[pSer]S[pSer]PAV,421,431,
SSPAVCPEPPS,427,437,*
S[pSer]S[pSer]PAVCPEPPS,427,437,
S[pSer]SPAVCPEPPS[pSer],427,437,
S[pSer]SPAVCPEPPS,427,437,
SS[pSer]PAVCPEPPS[pSer],427,437,
S[pSer]S[pSer]PAVCPEPPS[pSer],427,437,
SSPAVCPEPPS[pSer],427,437,
SS[pSer]PAVCPEPPS,427,437,
PEPPSSPKYVS,433,443,*
PEPPSS[pSer]PK[N6-acK]YVS[pSer],433,443,
PEPPSSPK[N6-acK]YVS[pSer],433,443,
PEPPS[pSer]S[pSer]PK[N6-acK]YVS,433,443,
PEPPS[pSer]SPKYVS,433,443,
PEPPS[pSer]SPK[N6-acK]YVS,433,443,
PEPPSS[pSer]PK[N6-acK]YVS,433,443,
PEPPS[pSer]S[pSer]PKYVS[pSer],433,443,
PEPPSSPK[N6-acK]YVS,433,443,
PEPPSS[pSer]PKYVS[pSer],433,443,
PEPPSSPKYVS[pSer],433,443,
PEPPS[pSer]S[pSer]PKYVS,433,443,
PEPPS[pSer]SPKYVS[pSer],433,443,
PEPPS[pSer]SPK[N6-acK]YVS[pSer],433,443,
PEPPS[pSer]S[pSer]PK[N6-acK]YVS[pSer],433,443,
PEPPSS[pSer]PKYVS,433,443,
PKYVSSVTSRT,439,449,*
PK[N6-acK]YVSS[pSer]VTS[pSer]RT,439,449,
PKYVS[pSer]S[pSer]VTS[pSer]RT,439,449,
PK[N6-acK]YVS[pSer]S[pSer]VTS[pSer]RT,439,449,
PK[N6-acK]YVS[pSer]S[pSer]VTSRT,439,449,
PK[N6-acK]YVSSVTSRT,439,449,
PK[N6-acK]YVSS[pSer]VTSRT,439,449,
PK[N6-acK]YVS[pSer]SVTSRT,439,449,
PKYVSS[pSer]VTS[pSer]RT,439,449,
PKYVS[pSer]SVTSRT,439,449,
PK[N6-acK]YVSSVTS[pSer]RT,439,449,
PK[N6-acK]YVS[pSer]SVTS[pSer]RT,439,449,
PKYVSSVTS[pSer]RT,439,449,
PKYVS[pSer]S[pSer]VTSRT,439,449,
PKYVS[pSer]SVTS[pSer]RT,439,449,
PKYVSS[pSer]VTSRT,439,449,
VTSRTGSSGAK,445,455,*
VTSRTGS[pSer]SGAK,445,455,
VTS[pSer]RTGS[pSer]S[pSer]GAK[N6-acK],445,455,
VTSRTGS[pSer]S[pSer]GAK,445,455,
VTS[pSer]RTGS[pSer]S[pSer]GAK,445,455,
VTSRTGSS[pSer]GAK,445,455,
VTS[pSer]RTGS[pSer]SGAK,445,455,
VTS[pSer]RTGSSGAK,445,455,
VTSRTGSS[pSer]GAK[N6-acK],445,455,
VTSRTGS[pSer]SGAK[N6-acK],445,455,
VTS[pSer]RTGS[pSer]SGAK[N6-acK],445,455,
VTSRTGSSGAK[N6-acK],445,455,
VTS[pSer]RTGSS[pSer]GAK[N6-acK],445,455,
VTS[pSer]RTGSSGAK[N6-acK],445,455,
VTSRTGS[pSer]S[pSer]GAK[N6-acK],445,455,
VTS[pSer]RTGSS[pSer]GAK,445,455,
SSGAKEMKLKG,451,461,*
SSGAKEMKLK[N6-acK]G,451,461,
S[pSer]S[pSer]GAK[N6-acK]EMKLK[N6-acK]G,451,461,
SS[pSer]GAK[N6-acK]EMKLKG,451,461,
SSGAKEMK[N6-acK]LKG,451,461,
S[pSer]SGAK[N6-acK]EMKLK[N6-acK]G,451,461,
S[pSer]SGAK[N6-acK]EMK[N6-acK]LKG,451,461,
S[pSer]S[pSer]GAKEMKLKG,451,461,
S[pSer]S[pSer]GAK[N6-acK]EMK[N6-acK]LKG,451,461,
S[pSer]SGAK[N6-acK]EMK[N6-acK]LK[N6-acK]G,451,461,
SSGAKEMK[N6-acK]LK[N6-acK]G,451,461,
S[pSer]S[pSer]GAKEMK[N6-acK]LKG,451,461,
SS[pSer]GAK[N6-acK]EMK[N6-acK]LKG,451,461,
S[pSer]SGAKEMKLK[N6-acK]G,451,461,
S[pSer]SGAK[N6-acK]EMKLKG,451,461,
SSGAK[N6-acK]EMK[N6-acK]LKG,451,461,
S[pSer]S[pSer]GAK[N6-acK]EMK[N6-acK]LK[N6-acK]G,451,461,
S[pSer]S[pSer]GAKEMKLK[N6-acK]G,451,461,
S[pSer]SGAKEMK[N6-acK]LKG,451,461,
SS[pSer]GAKEMK[N6-acK]LKG,451,461,
S[pSer]SGAKEMKLKG,451,461,
S[pSer]SGAKEMK[N6-acK]LK[N6-acK]G,451,461,
SS[pSer]GAKEMKLK[N6-acK]G,451,461,
SS[pSer]GAKEMKLKG,451,461,
SSGAK[N6-acK]EMKLK[N6-acK]G,451,461,
SS[pSer]GAK[N6-acK]EMK[N6-acK]LK[N6-acK]G,451,461,
S[pSer]S[pSer]GAKEMK[N6-acK]LK[N6-acK]G,451,461,
SSGAK[N6-acK]EMKLKG,451,461,
SS[pSer]GAKEMK[N6-acK]LK[N6-acK]G,451,461,
S[pSer]S[pSer]GAK[N6-acK]EMKLKG,451,461,
SS[pSer]GAK[N6-acK]EMKLK[N6-acK]G,451,461,
SSGAK[N6-acK]EMK[N6-acK]LK[N6-acK]G,451,461,
MKLKGADGKTK,457,467,*
MKLK[N6-acK]GADGK[N6-acK]TK[N6-acK],457,467,
MK[N6-acK]LK[N6-acK]GADGK[N6-acK]TK[N6-acK],457,467,
MKLK[N6-acK]GADGKTK[N6-acK],457,467,
MK[N6-acK]LK[N6-acK]GADGK[N6-acK]TK[Gly],457,467,
MK[N6-acK]LK[N6-acK]GADGKTK[Gly],457,467,
MK[N6-acK]LK[N6-acK]GADGKTK,457,467,
MK[N6-acK]LKGADGK[N6-acK]TK[N6-acK],457,467,
MKLK[N6-acK]GADGK[N6-acK]TK,457,467,
MKLK[N6-acK]GADGK[N6-acK]TK[Gly],457,467,
MKLKGADGKTK[Gly],457,467,
MK[N6-acK]LK[N6-acK]GADGKTK[N6-acK],457,467,
MK[N6-acK]LKGADGKTK[Gly],457,467,
MK[N6-acK]LKGADGKTK[N6-acK],457,467,
MKLKGADGKTK[N6-acK],457,467,
MKLKGADGK[N6-acK]TK,457,467,
MKLK[N6-acK]GADGKTK,457,467,
MKLK[N6-acK]GADGKTK[Gly],457,467,
MK[N6-acK]LK[N6-acK]GADGK[N6-acK]TK,457,467,
MK[N6-acK]LKGADGKTK,457,467,
MKLKGADGK[N6-acK]TK[Gly],457,467,
MKLKGADGK[N6-acK]TK[N6-acK],457,467,
MK[N6-acK]LKGADGK[N6-acK]TK[Gly],457,467,
MK[N6-acK]LKGADGK[N6-acK]TK,457,467,
DGKTKIATPRG,463,473,*
DGKTK[N6-acK]IATPRG,463,473,
DGK[N6-acK]TKIATPRG,463,473,
DGKTK[Gly]IATPRG,463,473,
DGK[N6-acK]TK[N6-acK]IATPRG,463,473,
DGK[N6-acK]TK[Gly]IATPRG,463,473,
ATPRGAAPPGQ,469,479,*
APPGQKGQANA,475,485,*
APPGQK[Gly]GQANA,475,485,
APPGQK[N6-acK]GQANA,475,485,
GQANATRIPAK,481,491,*
GQANATRIPAK[Gly],481,491,
GQANATRIPAK[N6-acK],481,491,
RIPAKTPPAPK,487,497,*
RIPAKTPPAPK[N6-acK],487,497,
RIPAK[Gly]TPPAPK,487,497,
RIPAK[N6-acK]TPPAPK[N6-acK],487,497,
RIPAK[Gly]TPPAPK[N6-acK],487,497,
RIPAK[N6-acK]TPPAPK,487,497,
PPAPKTPPSSG,493,503,*
PPAPK[N6-acK]TPPSSG,493,503,
PPAPK[N6-acK]TPPSS[pSer]G,493,503,
PPAPKTPPSS[pSer]G,493,503,
PPAPK[N6-acK]TPPS[pSer]SG,493,503,
PPAPKTPPS[pSer]S[pSer]G,493,503,
PPAPK[N6-acK]TPPS[pSer]S[pSer]G,493,503,
PPAPKTPPS[pSer]SG,493,503,
PPSSGEPPKSG,499,509,*
PPS[pSer]SGEPPKSG,499,509,
PPS[pSer]S[pSer]GEPPKSG,499,509,
PPS[pSer]SGEPPK[N6-acK]SG,499,509,
PPSSGEPPKS[pSer]G,499,509,
PPS[pSer]SGEPPKS[pSer]G,499,509,
PPSS[pSer]GEPPK[N6-acK]S[pSer]G,499,509,
PPS[pSer]SGEPPK[N6-acK]S[pSer]G,499,509,
PPSS[pSer]GEPPKS[pSer]G,499,509,
PPSS[pSer]GEPPK[N6-acK]SG,499,509,
PPSS[pSer]GEPPKSG,499,509,
PPS[pSer]S[pSer]GEPPK[N6-acK]SG,499,509,
PPS[pSer]S[pSer]GEPPKS[pSer]G,499,509,
PPS[pSer]S[pSer]GEPPK[N6-acK]S[pSer]G,499,509,
PPSSGEPPK[N6-acK]SG,499,509,
PPSSGEPPK[N6-acK]S[pSer]G,499,509,
PPKSGDRSGYS,505,515,*
PPKSGDRS[pSer]GYS[pSer],505,515,
PPK[N6-acK]SGDRS[pSer]GYS[pSer],505,515,
PPKS[pSer]GDRSGYS[pSer],505,515,
PPK[N6-acK]S[pSer]GDRS[pSer]GYS,505,515,
PPKS[pSer]GDRS[pSer]GYS,505,515,
PPK[N6-acK]S[pSer]GDRSGYS,505,515,
PPK[N6-acK]SGDRS[pSer]GYS,505,515,
PPKS[pSer]GDRS[pSer]GYS[pSer],505,515,
PPK[N6-acK]SGDRSGYS,505,515,
PPKSGDRSGYS[pSer],505,515,
PPK[N6-acK]SGDRSGYS[pSer],505,515,
PPK[N6-acK]S[pSer]GDRSGYS[pSer],505,515,
PPKS[pSer]GDRSGYS,505,515,
PPKSGDRS[pSer]GYS,505,515,
PPK[N6-acK]S[pSer]GDRS[pSer]GYS[pSer],505,515,
RSGYSSPGSPG,511,521,*
RS[pSer]GYS[pSer]SPGS[pSer]PG,511,521,
RS[pSer]GYS[pSer]SPGSPG,511,521,
RS[pSer]GYSSPGS[pSer]PG,511,521,
RSGYSS[pSer]PGSPG,511,521,
RSGYS[pSer]S[pSer]PGSPG,511,521,
RSGYSSPGS[pSer]PG,511,521,
RS[pSer]GYSSPGSPG,511,521,
RS[pSer]GYSS[pSer]PGS[pSer]PG,511,521,
RS[pSer]GYSS[pSer]PGSPG,511,521,
RSGYSS[pSer]PGS[pSer]PG,511,521,
RS[pSer]GYS[pSer]S[pSer]PGSPG,511,521,
RSGYS[pSer]S[pSer]PGS[pSer]PG,511,521,
RSGYS[pSer]SPGS[pSer]PG,511,521,
RS[pSer]GYS[pSer]S[pSer]PGS[pSer]PG,511,521,
RSGYS[pSer]SPGSPG,511,521,
PGSPGTPGSRS,517,527,*
PGS[pSer]PGTPGSRS,517,527,
PGS[pSer]PGTPGS[pSer]RS[pSer],517,527,
PGSPGTPGS[pSer]RS[pSer],517,527,
PGS[pSer]PGTPGS[pSer]RS,517,527,
PGS[pSer]PGTPGSRS[pSer],517,527,
PGSPGTPGSRS[pSer],517,527,
PGSPGTPGS[pSer]RS,517,527,
PGSRSRTPSLP,523,533,*
PGS[pSer]RSRTPSLP,523,533,
PGSRSRTPS[pSer]LP,523,533,
PGS[pSer]RS[pSer]RTPSLP,523,533,
PGSRS[pSer]RTPSLP,523,533,
PGSRS[pSer]RTPS[pSer]LP,523,533,
PGS[pSer]RSRTPS[pSer]LP,523,533,
PGS[pSer]RS[pSer]RTPS[pSer]LP,523,533,
TPSLPTPPTRE,529,539,*
TPS[pSer]LPTPPTRE,529,539,
PPTREPKKVAV,535,545,*
PPTREPK[N6-acK]K[N6-acK]VAV,535,545,
PPTREPKK[N6-acK]VAV,535,545,
PPTREPK[N6-acK]K[Gly]VAV,535,545,
PPTREPKK[Gly]VAV,535,545,
PPTREPK[N6-acK]KVAV,535,545,
KKVAVVRTPPK,541,551,*
KK[N6-acK]VAVVRTPPK,541,551,
KK[Gly]VAVVRTPPK,541,551,
KK[N6-acK]VAVVRTPPK[N6-acK],541,551,
KK[Gly]VAVVRTPPK[N6-acK],541,551,
K[N6-acK]KVAVVRTPPK[N6-acK],541,551,
K[N6-acK]K[N6-acK]VAVVRTPPK,541,551,
K[N6-acK]K[Gly]VAVVRTPPK,541,551,
K[N6-acK]K[N6-acK]VAVVRTPPK[N6-acK],541,551,
K[N6-acK]K[Gly]VAVVRTPPK[N6-acK],541,551,
K[N6-acK]KVAVVRTPPK,541,551,
KKVAVVRTPPK[N6-acK],541,551,
RTPPKSPSSAK,547,557,*
RTPPKSPSS[pSer]AK[N6-acK],547,557,
RTPPKS[pSer]PSSAK,547,557,
RTPPKS[pSer]PS[pSer]SAK,547,557,
RTPPKSPSSAK[N6-acK],547,557,
RTPPK[N6-acK]S[pSer]PS[pSer]S[pSer]AK[N6-acK],547,557,
RTPPK[N6-acK]SPS[pSer]SAK[N6-acK],547,557,
RTPPK[N6-acK]SPSSAK[N6-acK],547,557,
RTPPKS[pSer]PS[pSer]SAK[N6-acK],547,557,
RTPPK[N6-acK]SPSS[pSer]AK,547,557,
RTPPKSPS[pSer]SAK,547,557,
RTPPKSPSS[pSer]AK,547,557,
RTPPKSPS[pSer]S[pSer]AK[N6-acK],547,557,
RTPPK[N6-acK]S[pSer]PSSAK[N6-acK],547,557,
RTPPK[N6-acK]S[pSer]PSSAK,547,557,
RTPPKS[pSer]PSSAK[N6-acK],547,557,
RTPPKS[pSer]PSS[pSer]AK,547,557,
RTPPK[N6-acK]SPSS[pSer]AK[N6-acK],547,557,
RTPPK[N6-acK]SPSSAK,547,557,
RTPPKS[pSer]PSS[pSer]AK[N6-acK],547,557,
RTPPK[N6-acK]S[pSer]PSS[pSer]AK[N6-acK],547,557,
RTPPK[N6-acK]SPS[pSer]S[pSer]AK,547,557,
RTPPK[N6-acK]S[pSer]PSS[pSer]AK,547,557,
RTPPKS[pSer]PS[pSer]S[pSer]AK,547,557,
RTPPKSPS[pSer]SAK[N6-acK],547,557,
RTPPK[N6-acK]S[pSer]PS[pSer]SAK,547,557,
RTPPK[N6-acK]S[pSer]PS[pSer]SAK[N6-acK],547,557,
RTPPK[N6-acK]SPS[pSer]S[pSer]AK[N6-acK],547,557,
RTPPK[N6-acK]S[pSer]PS[pSer]S[pSer]AK,547,557,
RTPPKS[pSer]PS[pSer]S[pSer]AK[N6-acK],547,557,
RTPPKSPS[pSer]S[pSer]AK,547,557,
RTPPK[N6-acK]SPS[pSer]SAK,547,557,
PSSAKSRLQTA,553,563,*
PSS[pSer]AKSRLQTA,553,563,
PSS[pSer]AK[N6-acK]S[pSer]RLQTA,553,563,
PSSAK[N6-acK]SRLQTA,553,563,
PSS[pSer]AK[N6-acK]SRLQTA,553,563,
PS[pSer]S[pSer]AK[N6-acK]S[pSer]RLQTA,553,563,
PSS[pSer]AKS[pSer]RLQTA,553,563,
PS[pSer]S[pSer]AK[N6-acK]SRLQTA,553,563,
PS[pSer]SAK[N6-acK]S[pSer]RLQTA,553,563,
PS[pSer]SAKS[pSer]RLQTA,553,563,
PS[pSer]S[pSer]AKSRLQTA,553,563,
PS[pSer]S[pSer]AKS[pSer]RLQTA,553,563,
PSSAKS[pSer]RLQTA,553,563,
PSSAK[N6-acK]S[pSer]RLQTA,553,563,
PS[pSer]SAKSRLQTA,553,563,
PS[pSer]SAK[N6-acK]SRLQTA,553,563,
RLQTAPVPMPD,559,569,*
VPMPDLKNVKS,565,575,*
VPMPDLKNVK[N6-acK]S,565,575,
VPMPDLK[N6-acK]NVKS[pSer],565,575,
VPMPDLK[N6-acK]NVK[N6-acK]S[pSer],565,575,
VPMPDLK[N6-acK]NVK[N6-acK]S,565,575,
VPMPDLKNVKS[pSer],565,575,
VPMPDLK[N6-acK]NVKS,565,575,
VPMPDLKNVK[N6-acK]S[pSer],565,575,
KNVKSKIGSTE,571,581,*
K[N6-acK]NVKSK[N6-acK]IGSTE,571,581,
K[N6-acK]NVKS[pSer]K[N6-acK]IGS[pSer]TE,571,581,
K[N6-acK]NVKSK[N6-acK]IGS[pSer]TE,571,581,
K[N6-acK]NVK[N6-acK]S[pSer]K[N6-acK]IGSTE,571,581,
KNVK[N6-acK]S[pSer]K[Gly]IGS[pSer]TE,571,581,
KNVK[N6-acK]S[pSer]K[N6-acK]IGSTE,571,581,
KNVKSK[N6-acK]IGS[pSer]TE,571,581,
K[N6-acK]NVK[N6-acK]SK[Gly]IGS[pSer]TE,571,581,
K[N6-acK]NVK[N6-acK]SKIGSTE,571,581,
K[N6-acK]NVKSKIGSTE,571,581,
K[N6-acK]NVKSKIGS[pSer]TE,571,581,
K[N6-acK]NVK[N6-acK]S[pSer]K[Gly]IGSTE,571,581,
KNVK[N6-acK]S[pSer]K[N6-acK]IGS[pSer]TE,571,581,
KNVKS[pSer]KIGS[pSer]TE,571,581,
KNVKS[pSer]K[N6-acK]IGS[pSer]TE,571,581,
KNVK[N6-acK]SK[Gly]IGSTE,571,581,
KNVKSK[Gly]IGS[pSer]TE,571,581,
KNVK[N6-acK]S[pSer]KIGS[pSer]TE,571,581,
KNVK[N6-acK]S[pSer]KIGSTE,571,581,
KNVK[N6-acK]SK[N6-acK]IGSTE,571,581,
K[N6-acK]NVK[N6-acK]S[pSer]KIGSTE,571,581,
KNVK[N6-acK]SK[Gly]IGS[pSer]TE,571,581,
K[N6-acK]NVKS[pSer]K[N6-acK]IGSTE,571,581,
KNVK[N6-acK]SKIGS[pSer]TE,571,581,
KNVKS[pSer]KIGSTE,571,581,
K[N6-acK]NVKSK[Gly]IGSTE,571,581,
KNVKSKIGS[pSer]TE,571,581,
K[N6-acK]NVK[N6-acK]S[pSer]K[N6-acK]IGS[pSer]TE,571,581,
KNVK[N6-acK]SK[N6-acK]IGS[pSer]TE,571,581,
KNVKS[pSer]K[Gly]IGS[pSer]TE,571,581,
K[N6-acK]NVK[N6-acK]S[pSer]K[Gly]IGS[pSer]TE,571,581,
KNVKS[pSer]K[Gly]IGSTE,571,581,
K[N6-acK]NVK[N6-acK]SK[N6-acK]IGSTE,571,581,
KNVKS[pSer]K[N6-acK]IGSTE,571,581,
K[N6-acK]NVK[N6-acK]S[pSer]KIGS[pSer]TE,571,581,
K[N6-acK]NVKS[pSer]KIGS[pSer]TE,571,581,
K[N6-acK]NVK[N6-acK]SK[N6-acK]IGS[pSer]TE,571,581,
K[N6-acK]NVK[N6-acK]SKIGS[pSer]TE,571,581,
K[N6-acK]NVK[N6-acK]SK[Gly]IGSTE,571,581,
K[N6-acK]NVKSK[Gly]IGS[pSer]TE,571,581,
K[N6-acK]NVKS[pSer]KIGSTE,571,581,
KNVKSK[Gly]IGSTE,571,581,
KNVKSK[N6-acK]IGSTE,571,581,
KNVK[N6-acK]S[pSer]K[Gly]IGSTE,571,581,
K[N6-acK]NVKS[pSer]K[Gly]IGSTE,571,581,
KNVK[N6-acK]SKIGSTE,571,581,
K[N6-acK]NVKS[pSer]K[Gly]IGS[pSer]TE,571,581,
IGSTENLKHQP,577,587,*
IGS[pSer]TENLKHQP,577,587,
IGS[pSer]TENLK[N6-acK]HQP,577,587,
IGSTENLK[N6-acK]HQP,577,587,
LKHQPGGGKVQ,583,593,*
LKHQPGGGK[N6-acK]VQ,583,593,
LK[N6-acK]HQPGGGK[N6-acK]VQ,583,593,
LK[N6-acK]HQPGGGKVQ,583,593,
GGKVQIINKKL,589,599,*
GGKVQIINK[Gly]KL,589,599,
GGK[N6-acK]VQIINKK[N6-acK]L,589,599,
GGK[N6-acK]VQIINK[N6-acK]KL,589,599,
GGK[N6-acK]VQIINKK[Gly]L,589,599,
GGKVQIINKK[N6-acK]L,589,599,
GGKVQIINK[N6-acK]K[N6-acK]L,589,599,
GGKVQIINK[N6-acK]KL,589,599,
GGK[N6-acK]VQIINK[N6-acK]K[Gly]L,589,599,
GGKVQIINKK[Gly]L,589,599,
GGK[N6-acK]VQIINK[N6-acK]K[N6-acK]L,589,599,
GGKVQIINK[N6-acK]K[Gly]L,589,599,
GGK[N6-acK]VQIINK[Gly]K[Gly]L,589,599,
GGK[N6-acK]VQIINK[Gly]K[N6-acK]L,589,599,
GGK[N6-acK]VQIINKKL,589,599,
GGKVQIINK[Gly]K[Gly]L,589,599,
GGK[N6-acK]VQIINK[Gly]KL,589,599,
GGKVQIINK[Gly]K[N6-acK]L,589,599,
INKKLDLSNVQ,595,605,*
INK[N6-acK]KLDLSNVQ,595,605,
INKK[Gly]LDLSNVQ,595,605,
INK[Gly]KLDLS[pSer]NVQ,595,605,
INK[N6-acK]KLDLS[pSer]NVQ,595,605,
INKK[Gly]LDLS[pSer]NVQ,595,605,
INKK[N6-acK]LDLSNVQ,595,605,
INK[Gly]KLDLSNVQ,595,605,
INK[N6-acK]K[Gly]LDLSNVQ,595,605,
INK[Gly]K[Gly]LDLSNVQ,595,605,
INKKLDLS[pSer]NVQ,595,605,
INK[Gly]K[Gly]LDLS[pSer]NVQ,595,605,
INKK[N6-acK]LDLS[pSer]NVQ,595,605,
INK[N6-acK]K[N6-acK]LDLS[pSer]NVQ,595,605,
INK[N6-acK]K[Gly]LDLS[pSer]NVQ,595,605,
INK[Gly]K[N6-acK]LDLS[pSer]NVQ,595,605,
INK[Gly]K[N6-acK]LDLSNVQ,595,605,
INK[N6-acK]K[N6-acK]LDLSNVQ,595,605,
LSNVQSKCGSK,601,611,*
LSNVQS[pSer]K[N6-acK]CGSK[N6-acK],601,611,
LSNVQS[pSer]KCGS[pSer]K[N6-acK],601,611,
LS[pSer]NVQS[pSer]KCGS[pSer]K,601,611,
LSNVQSK[N6-acK]CGSK[N6-acK],601,611,
LS[pSer]NVQSK[N6-acK]CGSK,601,611,
LSNVQSKCGSK[N6-acK],601,611,
LS[pSer]NVQSKCGS[pSer]K[N6-acK],601,611,
LSNVQS[pSer]KCGSK[N6-acK],601,611,
LSNVQSKCGS[pSer]K[N6-acK],601,611,
LSNVQS[pSer]KCGSK,601,611,
LS[pSer]NVQS[pSer]KCGSK,601,611,
LS[pSer]NVQSKCGS[pSer]K,601,611,
LSNVQSKCGS[pSer]K,601,611,
LS[pSer]NVQS[pSer]KCGSK[N6-acK],601,611,
LS[pSer]NVQSK[N6-acK]CGS[pSer]K[N6-acK],601,611,
LS[pSer]NVQSKCGSK[N6-acK],601,611,
LSNVQSK[N6-acK]CGS[pSer]K,601,611,
LS[pSer]NVQS[pSer]K[N6-acK]CGS[pSer]K,601,611,
LS[pSer]NVQS[pSer]KCGS[pSer]K[N6-acK],601,611,
LSNVQSK[N6-acK]CGSK,601,611,
LSNVQS[pSer]K[N6-acK]CGSK,601,611,
LS[pSer]NVQS[pSer]K[N6-acK]CGSK,601,611,
LSNVQS[pSer]K[N6-acK]CGS[pSer]K[N6-acK],601,611,
LSNVQSK[N6-acK]CGS[pSer]K[N6-acK],601,611,
LS[pSer]NVQS[pSer]K[N6-acK]CGS[pSer]K[N6-acK],601,611,
LS[pSer]NVQSKCGSK,601,611,
LS[pSer]NVQS[pSer]K[N6-acK]CGSK[N6-acK],601,611,
LSNVQS[pSer]KCGS[pSer]K,601,611,
LS[pSer]NVQSK[N6-acK]CGS[pSer]K,601,611,
LSNVQS[pSer]K[N6-acK]CGS[pSer]K,601,611,
LS[pSer]NVQSK[N6-acK]CGSK[N6-acK],601,611,
KCGSKDNIKHV,607,617,*
K[N6-acK]CGS[pSer]KDNIKHV,607,617,
K[N6-acK]CGSKDNIKHV,607,617,
KCGS[pSer]K[N6-acK]DNIK[N6-acK]HV,607,617,
KCGS[pSer]KDNIKHV,607,617,
K[N6-acK]CGSK[N6-acK]DNIKHV,607,617,
KCGSK[N6-acK]DNIKHV,607,617,
K[N6-acK]CGS[pSer]KDNIK[N6-acK]HV,607,617,
K[N6-acK]CGS[pSer]K[N6-acK]DNIKHV,607,617,
K[N6-acK]CGSK[N6-acK]DNIK[N6-acK]HV,607,617,
K[N6-acK]CGS[pSer]K[N6-acK]DNIK[N6-acK]HV,607,617,
KCGSK[N6-acK]DNIK[N6-acK]HV,607,617,
K[N6-acK]CGSKDNIK[N6-acK]HV,607,617,
KCGSKDNIK[N6-acK]HV,607,617,
KCGS[pSer]K[N6-acK]DNIKHV,607,617,
KCGS[pSer]KDNIK[N6-acK]HV,607,617,
NIKHVPGGGSV,613,623,*
NIK[N6-acK]HVPGGGSV,613,623,
NIK[N6-acK]HVPGGGS[pSer]V,613,623,
NIKHVPGGGS[pSer]V,613,623,
GGGSVQIVYKP,619,629,*
GGGSVQIVYK[N6-acK]P,619,629,
GGGS[pSer]VQIVYK[N6-acK]P,619,629,
GGGS[pSer]VQIVYKP,619,629,
IVYKPVDLSKV,625,635,*
IVYKPVDLS[pSer]KV,625,635,
IVYK[N6-acK]PVDLS[pSer]KV,625,635,
IVYK[N6-acK]PVDLSK[N6-acK]V,625,635,
IVYKPVDLS[pSer]K[N6-acK]V,625,635,
IVYKPVDLSK[N6-acK]V,625,635,
IVYK[N6-acK]PVDLS[pSer]K[N6-acK]V,625,635,
IVYK[N6-acK]PVDLSKV,625,635,
DLSKVTSKCGS,631,641,*
DLSKVTSK[N6-acK]CGS,631,641,
DLS[pSer]K[N6-acK]VTS[pSer]KCGS[pSer],631,641,
DLSK[N6-acK]VTSK[N6-acK]CGS,631,641,
DLS[pSer]K[N6-acK]VTS[pSer]K[N6-acK]CGS[pSer],631,641,
DLSKVTS[pSer]K[N6-acK]CGS[pSer],631,641,
DLSKVTS[pSer]KCGS[pSer],631,641,
DLS[pSer]K[N6-acK]VTSK[N6-acK]CGS,631,641,
DLS[pSer]KVTSKCGS[pSer],631,641,
DLS[pSer]K[N6-acK]VTSKCGS[pSer],631,641,
DLSKVTSK[N6-acK]CGS[pSer],631,641,
DLSK[N6-acK]VTS[pSer]KCGS[pSer],631,641,
DLS[pSer]K[N6-acK]VTS[pSer]KCGS,631,641,
DLSK[N6-acK]VTS[pSer]K[N6-acK]CGS,631,641,
DLSK[N6-acK]VTSK[N6-acK]CGS[pSer],631,641,
DLS[pSer]KVTSK[N6-acK]CGS[pSer],631,641,
DLS[pSer]K[N6-acK]VTSKCGS,631,641,
DLSK[N6-acK]VTS[pSer]KCGS,631,641,
DLSKVTS[pSer]K[N6-acK]CGS,631,641,
DLS[pSer]KVTS[pSer]KCGS,631,641,
DLSK[N6-acK]VTS[pSer]K[N6-acK]CGS[pSer],631,641,
DLS[pSer]KVTSK[N6-acK]CGS,631,641,
DLSKVTSKCGS[pSer],631,641,
DLS[pSer]KVTSKCGS,631,641,
DLS[pSer]K[N6-acK]VTSK[N6-acK]CGS[pSer],631,641,
DLS[pSer]KVTS[pSer]K[N6-acK]CGS,631,641,
DLSKVTS[pSer]KCGS,631,641,
DLS[pSer]KVTS[pSer]KCGS[pSer],631,641,
DLSK[N6-acK]VTSKCGS[pSer],631,641,
DLS[pSer]KVTS[pSer]K[N6-acK]CGS[pSer],631,641,
DLS[pSer]K[N6-acK]VTS[pSer]K[N6-acK]CGS,631,641,
DLSK[N6-acK]VTSKCGS,631,641,
SKCGSLGNIHH,637,647,*
SK[N6-acK]CGS[pSer]LGNIHH,637,647,
SKCGS[pSer]LGNIHH,637,647,
S[pSer]K[N6-acK]CGS[pSer]LGNIHH,637,647,
SK[N6-acK]CGSLGNIHH,637,647,
S[pSer]KCGSLGNIHH,637,647,
S[pSer]KCGS[pSer]LGNIHH,637,647,
S[pSer]K[N6-acK]CGSLGNIHH,637,647,
GNIHHKPGGGQ,643,653,*
GNIHHK[N6-acK]PGGGQ,643,653,
PGGGQVEVKSE,649,659,*
PGGGQVEVKS[pSer]E,649,659,
PGGGQVEVK[N6-acK]SE,649,659,
PGGGQVEVK[N6-acK]S[pSer]E,649,659,
EVKSEKLDFKD,655,665,*
EVK[N6-acK]S[pSer]EK[N6-acK]LDFKD,655,665,
EVKSEK[N6-acK]LDFKD,655,665,
EVK[N6-acK]S[pSer]EKLDFK[N6-acK]D,655,665,
EVK[N6-acK]S[pSer]EK[N6-acK]LDFK[Gly]D,655,665,
EVK[N6-acK]SEK[N6-acK]LDFK[N6-acK]D,655,665,
EVKSEKLDFK[Gly]D,655,665,
EVKS[pSer]EKLDFK[Gly]D,655,665,
EVK[N6-acK]SEKLDFK[Gly]D,655,665,
EVK[N6-acK]S[pSer]EK[N6-acK]LDFK[N6-acK]D,655,665,
EVKSEKLDFK[N6-acK]D,655,665,
EVKSEK[N6-acK]LDFK[N6-acK]D,655,665,
EVKS[pSer]EK[N6-acK]LDFKD,655,665,
EVK[N6-acK]S[pSer]EKLDFK[Gly]D,655,665,
EVK[N6-acK]S[pSer]EKLDFKD,655,665,
EVKS[pSer]EKLDFKD,655,665,
EVKS[pSer]EK[N6-acK]LDFK[Gly]D,655,665,
EVKSEK[N6-acK]LDFK[Gly]D,655,665,
EVK[N6-acK]SEK[N6-acK]LDFK[Gly]D,655,665,
EVKS[pSer]EKLDFK[N6-acK]D,655,665,
EVK[N6-acK]SEK[N6-acK]LDFKD,655,665,
EVK[N6-acK]SEKLDFK[N6-acK]D,655,665,
EVK[N6-acK]SEKLDFKD,655,665,
EVKS[pSer]EK[N6-acK]LDFK[N6-acK]D,655,665,
LDFKDRVQSKI,661,671,*
LDFK[Gly]DRVQS[pSer]KI,661,671,
LDFK[N6-acK]DRVQSKI,661,671,
LDFKDRVQS[pSer]K[N6-acK]I,661,671,
LDFK[Gly]DRVQS[pSer]K[N6-acK]I,661,671,
LDFKDRVQSK[N6-acK]I,661,671,
LDFK[N6-acK]DRVQS[pSer]K[N6-acK]I,661,671,
LDFK[N6-acK]DRVQSK[N6-acK]I,661,671,
LDFK[Gly]DRVQSK[N6-acK]I,661,671,
LDFKDRVQS[pSer]KI,661,671,
LDFK[Gly]DRVQSKI,661,671,
LDFK[N6-acK]DRVQS[pSer]KI,661,671,
VQSKIGSLDNI,667,677,*
VQS[pSer]K[N6-acK]IGS[pSer]LDNI,667,677,
VQS[pSer]KIGS[pSer]LDNI,667,677,
VQSKIGS[pSer]LDNI,667,677,
VQSK[N6-acK]IGSLDNI,667,677,
VQSK[N6-acK]IGS[pSer]LDNI,667,677,
VQS[pSer]K[N6-acK]IGSLDNI,667,677,
VQS[pSer]KIGSLDNI,667,677,
SLDNITHVPGG,673,683,*
S[pSer]LDNITHVPGG,673,683,
HVPGGGNKKIE,679,689,*
HVPGGGNK[N6-acK]K[N6-acK]IE,679,689,
HVPGGGNKK[N6-acK]IE,679,689,
HVPGGGNK[N6-acK]KIE,679,689,
HVPGGGNK[Gly]KIE,679,689,
HVPGGGNK[Gly]K[N6-acK]IE,679,689,
NKKIETHKLTF,685,695,*
NK[Gly]K[N6-acK]IETHK[N6-acK]LTF,685,695,
NKK[N6-acK]IETHK[N6-acK]LTF,685,695,
NK[N6-acK]K[N6-acK]IETHKLTF,685,695,
NKKIETHK[N6-acK]LTF,685,695,
NK[N6-acK]KIETHK[N6-acK]LTF,685,695,
NK[Gly]KIETHKLTF,685,695,
NKK[N6-acK]IETHKLTF,685,695,
NK[Gly]K[N6-acK]IETHKLTF,685,695,
NK[N6-acK]KIETHKLTF,685,695,
NK[Gly]KIETHK[N6-acK]LTF,685,695,
NK[N6-acK]K[N6-acK]IETHK[N6-acK]LTF,685,695,
HKLTFRENAKA,691,701,*
HK[N6-acK]LTFRENAKA,691,701,
HKLTFRENAK[N6-acK]A,691,701,
HK[N6-acK]LTFRENAK[N6-acK]A,691,701,
ENAKAKTDHGA,697,707,*
ENAK[N6-acK]AKTDHGA,697,707,
ENAKAK[N6-acK]TDHGA,697,707,
ENAK[N6-acK]AK[N6-acK]TDHGA,697,707,
TDHGAEIVYKS,703,713,*
TDHGAEIVYK[N6-acK]S[pSer],703,713,
TDHGAEIVYK[N6-acK]S,703,713,
TDHGAEIVYKS[pSer],703,713,
IVYKSPVVSGD,709,719,*
IVYKS[pSer]PVVS[pSer]GD,709,719,
IVYKS[pSer]PVVSGD,709,719,
IVYKSPVVS[pSer]GD,709,719,
IVYK[N6-acK]S[pSer]PVVSGD,709,719,
IVYK[N6-acK]SPVVS[pSer]GD,709,719,
IVYK[N6-acK]SPVVSGD,709,719,
IVYK[N6-acK]S[pSer]PVVS[pSer]GD,709,719,
VVSGDTSPRHL,715,725,*
VVS[pSer]GDTSPRHL,715,725,
VVS[pSer]GDTS[pSer]PRHL,715,725,
VVSGDTS[pSer]PRHL,715,725,
SPRHLSNVSST,721,731,*
SPRHLSNVS[pSer]S[pSer]T,721,731,
S[pSer]PRHLSNVSST,721,731,
SPRHLS[pSer]NVSST,721,731,
SPRHLS[pSer]NVSS[pSer]T,721,731,
SPRHLS[pSer]NVS[pSer]ST,721,731,
S[pSer]PRHLSNVS[pSer]ST,721,731,
S[pSer]PRHLS[pSer]NVS[pSer]ST,721,731,
S[pSer]PRHLS[pSer]NVS[pSer]S[pSer]T,721,731,
SPRHLSNVSS[pSer]T,721,731,
S[pSer]PRHLSNVSS[pSer]T,721,731,
SPRHLSNVS[pSer]ST,721,731,
SPRHLS[pSer]NVS[pSer]S[pSer]T,721,731,
S[pSer]PRHLS[pSer]NVSST,721,731,
S[pSer]PRHLS[pSer]NVSS[pSer]T,721,731,
S[pSer]PRHLSNVS[pSer]S[pSer]T,721,731,
NVSSTGSIDMV,727,737,*
NVS[pSer]STGS[pSer]IDMV,727,737,
NVSSTGS[pSer]IDMV,727,737,
NVS[pSer]S[pSer]TGS[pSer]IDMV,727,737,
NVSS[pSer]TGS[pSer]IDMV,727,737,
NVS[pSer]S[pSer]TGSIDMV,727,737,
NVSS[pSer]TGSIDMV,727,737,
NVS[pSer]STGSIDMV,727,737,
SIDMVDSPQLA,733,743,*
S[pSer]IDMVDSPQLA,733,743,
SIDMVDS[pSer]PQLA,733,743,
S[pSer]IDMVDS[pSer]PQLA,733,743,
SPQLATLADEV,739,749,*
S[pSer]PQLATLADEV,739,749,
LADEVSASLAK,745,755,*
